Transcription Factor ID,Transcription Factor Name,Deficit,No. Search Sites,Mean Sites Per Search Gene,No. Background Sites,Mean Sites Per Background Gene,Site Representation,Mann-Whitney U,Site P-Value,Total No. Search Genes,No. Transcription Factor Search Genes,Total No. Background Genes,No. Transcription Factor Background Genes,Gene Representation,Gene P-Value,Average Log2 Proportion Bound,Log2 Enrichment,Significance Score
MA0067.1,Pax2,0.03,25,1.3,1550,0.7,Up,28858,0.076671105,20,13,2347,1070,Up,0.113153425,-0.867752432,0.53017586,0.946332297
MA0597.1,THAP1,0.04,59,3,5111,2.2,Up,30777.5,0.016349127,20,20,2347,1945,Up,0.036014525,-0.135492089,0.270984178,1.443522313
MA1471.1,BARX2,0.09,8,0.4,2492,1.1,Down,30999,0.01336825,20,4,2347,1255,Down,0.002987419,-1.545245066,-1.284763874,-2.524703924
MA1642.1,NEUROG2(var.2),0.02,13,0.7,737,0.3,Up,28604.5,0.091594907,20,9,2347,615,Up,0.072646607,-1.520459444,0.821669905,1.138784665
MA0885.1,Dlx2,0.01,16,0.8,3988,1.7,Down,29990,0.032171118,20,8,2347,1414,Down,0.07084649,-1.000461072,-0.539256182,-1.149681665
MA0647.1,GRHL1,0.13,6,0.3,667,0.3,Up,24639,0.700905357,20,4,2347,325,Up,0.509728387,-2.519011356,0.662768706,0.29266118
MA1655.1,ZNF341,0.14,23,1.2,2627,1.1,Up,24884.5,0.642101465,20,15,2347,1536,Up,0.481440528,-0.507416543,0.208121697,0.317457354
MA1485.1,FERD3L,0.08,1,0.1,109,0,Up,23802,0.913134817,20,1,2347,83,Up,0.515980134,-4.292897327,1.040615646,0.287367019
MA0900.2,HOXA2,0.15,44,2.2,9825,4.2,Down,31827.5,0.006032202,20,13,2347,2030,Down,0.013249836,-0.405977317,-0.393374372,-1.8777895
MA0894.1,HESX1,0.03,16,0.8,3988,1.7,Down,29990,0.032171118,20,8,2347,1414,Down,0.07084649,-1.000461072,-0.539256182,-1.149681665
MA0672.1,NKX2-3,0.04,26,1.3,2388,1,Up,27610.5,0.173689115,20,16,2347,1480,Up,0.16180651,-0.489099276,0.351882782,0.791004008
MA0593.1,FOXP2,0.09,7,0.4,1986,0.8,Down,29299,0.055462419,20,7,2347,1229,Down,0.176139521,-1.191857416,-0.517607986,-0.754143188
MA0463.2,BCL6,0.12,1,0.1,94,0,Up,23732,0.931398526,20,1,2347,91,Up,0.548928748,-4.226899554,0.9086201,0.260484024
MA0052.4,MEF2A,0.15,17,0.9,4883,2.1,Down,32928,0.001886021,20,7,2347,1697,Down,5.91E-04,-0.959187496,-0.982947826,-3.228462296
MA0462.2,BATF::JUN,0.01,0,0,186,0.1,Down,25250,0.558645195,20,0,2347,178,Down,0.394419183,-4.537340592,-1.640422826,-0.404041971
MA1537.1,NR2F1(var.2),0.12,1,0.1,29,0,Up,24353.5,0.771593003,20,1,2347,29,Up,0.225967688,-5.043427949,2.541676889,0.645953658
MA1514.1,KLF17,0.05,3,0.2,76,0,Up,25103.5,0.591461388,20,2,2347,75,Up,0.136251047,-3.997064306,1.922880793,0.86566015
MA0612.2,EMX1,0.07,11,0.6,2867,1.2,Down,29347,0.053482146,20,4,2347,1070,Down,0.023901295,-1.660233683,-1.054786641,-1.621578576
MA0115.1,NR1H2::RXRA,0.08,0,0,1,0,Down,23480,0.997378393,20,0,2347,1,Down,1,-7.984749473,5.254394937,1.214E-12
MA1112.2,NR4A1,0.15,13,0.7,3348,1.4,Down,32157.5,0.004311087,20,8,2347,1723,Down,0.001779775,-0.857936511,-0.824305304,-2.749634929
MA0696.1,ZIC1,0.11,1,0.1,93,0,Up,23751.5,0.926306731,20,1,2347,89,Up,0.540897368,-4.242841585,0.940504161,0.266885132
MA1104.2,GATA6,0.15,22,1.1,3559,1.5,Down,28041,0.133124334,20,9,2347,1676,Down,0.013273888,-0.797648583,-0.623951816,-1.877001849
MA0035.4,GATA1,0.15,30,1.5,4288,1.8,Down,25987.5,0.408137544,20,14,2347,1890,Down,0.255368256,-0.405964159,-0.187213701,-0.59283309
MA0059.1,MAX::MYC,0.12,11,0.6,816,0.3,Up,24825,0.656166063,20,5,2347,491,Up,0.589243633,-2.076991111,0.35774145,0.229705102
MA0862.1,GMEB2,0.06,3,0.2,359,0.2,Down,24284,0.789117949,20,3,2347,257,Up,0.47604185,-2.869338952,0.638283738,0.322354866
MA0477.2,FOSL1,0.03,0,0,170,0.1,Down,25100,0.592256113,20,0,2347,163,Down,0.393381081,-4.600657311,-1.513789388,-0.40518653
MA0474.2,ERG,0.08,1,0.1,932,0.4,Down,29317.5,0.054692069,20,1,2347,693,Down,0.012820059,-2.765873437,-2.013432134,-1.892109967
MA1154.1,ZNF282,0.14,0,0,121,0.1,Down,24640,0.700661854,20,0,2347,117,Down,0.621053029,-4.83897225,-1.037159509,-0.206871315
MA0050.2,IRF1,0.15,13,0.7,2076,0.9,Down,27381,0.198778926,20,7,2347,1234,Down,0.175951922,-1.188929865,-0.523463088,-0.754605985
MA1111.1,NR2F2,0.15,34,1.7,3457,1.5,Up,26891,0.260996563,20,18,2347,1723,Up,0.125614241,-0.296941249,0.29768522,0.900961121
MA0718.1,RAX,0.01,3,0.2,1575,0.7,Down,30078,0.029916648,20,3,2347,953,Down,0.021280004,-1.925008698,-1.250376768,-1.67202829
MA0907.1,HOXC13,0.14,4,0.2,1091,0.5,Down,27618,0.172911074,20,4,2347,844,Down,0.164543386,-1.831291416,-0.712671173,-0.78371957
MA1650.1,ZBTB14,0.08,2,0.1,807,0.3,Down,27090,0.234272749,20,2,2347,581,Down,0.190254458,-2.524448985,-1.022349849,-0.720665158
MA1118.1,SIX1,0.11,10,0.5,815,0.3,Up,27770,0.157699229,20,10,2347,688,Up,0.050680172,-1.36741559,0.804362017,1.295161921
MA0691.1,TFAP4,0.12,60,3,4570,1.9,Up,29550.5,0.045730607,20,16,2347,1380,Up,0.067316379,-0.539546078,0.452776385,1.171879252
MA1123.2,TWIST1,0.15,29,1.5,3395,1.4,Up,24805.5,0.66080243,20,13,2347,1735,Down,0.441989755,-0.519219148,-0.16689071,-0.354587798
MA1114.1,PBX3,0.02,1,0.1,23,0,Up,24413.5,0.756556374,20,1,2347,23,Up,0.185067686,-5.207455047,2.869731087,0.732669406
MA1150.1,RORB,0.04,0,0,320,0.1,Down,26330,0.347365872,20,0,2347,286,Down,0.15909886,-4.196035059,-2.323033891,-0.798332933
MA0669.1,NEUROG2,0.15,4,0.2,1261,0.5,Down,26653,0.29563533,20,2,2347,547,Down,0.19286293,-2.567909099,-0.935429622,-0.714751241
MA1120.1,SOX13,0.03,5,0.3,1872,0.8,Down,31454.5,0.008703933,20,4,2347,1234,Down,0.005506484,-1.557412662,-1.260428682,-2.259125617
MA0902.2,HOXB2,0.07,37,1.9,7291,3.1,Down,30117,0.028961777,20,13,2347,1958,Down,0.062448376,-0.432020266,-0.341288473,-1.204478855
MA0505.1,Nr5a2,0.07,7,0.4,488,0.2,Up,27182.5,0.222534243,20,7,2347,432,Up,0.077109166,-1.945507265,0.989691711,1.112893997
MA1585.1,ZKSCAN1,0.07,3,0.2,1047,0.4,Down,28568,0.093924205,20,3,2347,835,Down,0.061535333,-2.020305254,-1.059783658,-1.210875448
MA0732.1,EGR3,0.06,1,0.1,62,0,Up,24033,0.853240763,20,1,2347,61,Up,0.413172454,-4.513492221,1.481805433,0.38386864
MA1116.1,RBPJ,0,2,0.1,34,0,Up,25486,0.507716433,20,2,2347,33,Up,0.034164565,-4.583222081,3.095196342,1.466424107
MA0878.2,CDX1,0.15,22,1.1,3500,1.5,Down,27200,0.220361658,20,12,2347,1654,Down,0.328196442,-0.609212841,-0.208965949,-0.483866132
MA0092.1,Hand1::Tcf3,0.06,48,2.4,5627,2.4,Up,24764.5,0.670593079,20,16,2347,2138,Down,0.098435961,-0.223841918,-0.178631935,-1.006846213
MA0781.1,PAX9,0.11,0,0,2,0,Down,23490,0.994756815,20,0,2347,2,Down,1,-7.616266676,4.517429343,3.71E-13
MA0461.2,Atoh1,0.13,8,0.4,2449,1,Down,30861.5,0.015156117,20,4,2347,1195,Down,0.006350826,-1.580569016,-1.214115975,-2.197169791
MA0641.1,ELF4,0.13,1,0.1,531,0.2,Down,26640.5,0.297535967,20,1,2347,430,Down,0.152789105,-3.10981476,-1.325549489,-0.815907614
MA0651.1,HOXC11,0.14,6,0.3,1124,0.5,Down,27111.5,0.231505966,20,4,2347,839,Down,0.165596465,-1.835574965,-0.704104076,-0.780948938
MA0746.2,SP3,0.04,5,0.3,237,0.1,Up,27217.5,0.218204329,20,5,2347,205,Up,0.02689939,-2.706017622,1.615794473,1.570257573
MA0495.3,MAFF,0.03,1,0.1,15,0,Up,24493.5,0.736650949,20,1,2347,15,Up,0.127332388,-5.507651318,3.470123628,0.895061116
MA1527.1,NFIC(var.2),0.02,1,0.1,6,0,Up,24583.5,0.714467331,20,1,2347,6,Up,0.057739627,-6.134529614,4.723880221,1.238526029
MA1134.1,FOS::JUNB,0.11,25,1.3,2486,1.1,Up,25479.5,0.509085771,20,10,2347,969,Up,0.496556058,-1.120523468,0.310577773,0.304031715
MA0744.2,SCRT2,0.01,1,0.1,10,0,Up,24543.5,0.724298246,20,1,2347,10,Up,0.089296724,-5.788590762,4.032002516,1.049164471
MA1564.1,SP9,0.01,3,0.2,93,0,Up,26094.5,0.388504514,20,3,2347,89,Up,0.040118726,-3.631645374,2.162896583,1.396652864
MA1562.1,SOX14,0.14,8,0.4,2010,0.9,Down,29935.5,0.03363914,20,5,2347,1231,Down,0.022181272,-1.414414458,-0.967411856,-1.654013556
MA0656.1,JDP2(var.2),0.15,0,0,272,0.1,Down,25090,0.594529453,20,0,2347,162,Down,0.393527614,-4.60508277,-1.50493847,-0.405024788
MA0769.2,TCF7,0.03,16,0.8,2121,0.9,Down,25420.5,0.521603079,20,9,2347,1356,Down,0.263829303,-0.950430301,-0.318388381,-0.57867697
MA1633.1,BACH1,0.1,6,0.3,344,0.1,Up,27259,0.213149153,20,6,2347,318,Up,0.045371254,-2.269436083,1.224647594,1.343219217
MA0829.2,SREBF1(var.2),0.08,3,0.2,172,0.1,Up,25479,0.509191185,20,3,2347,148,Up,0.130984123,-3.266393702,1.432393239,0.882781343
MA0483.1,Gfi1b,0.09,4,0.2,982,0.4,Down,26884,0.261973507,20,4,2347,775,Down,0.338378489,-1.892776737,-0.589700532,-0.470597253
MA0903.1,HOXB3,0.01,8,0.4,2431,1,Down,28481.5,0.099634165,20,3,2347,854,Down,0.059935993,-2.004084922,-1.092224322,-1.222312298
MA0738.1,HIC2,0.03,78,3.9,5974,2.5,Up,32117.5,0.004492845,20,20,2347,2036,Up,0.097083501,-0.102516672,0.205033344,1.012854569
MA0784.1,POU1F1,0.15,2,0.1,1031,0.4,Down,29791,0.037811481,20,1,2347,776,Down,0.006743326,-2.684328416,-2.176522176,-2.171125821
MA0466.2,CEBPB,0.04,2,0.1,61,0,Up,25306,0.546339084,20,2,2347,50,Up,0.069917494,-4.287160935,2.50307405,1.155414148
MA1463.1,ARGFX,0.11,10,0.5,3236,1.4,Down,30190,0.027244828,20,5,2347,1186,Down,0.025139499,-1.441266722,-0.913707329,-1.599643382
MA0070.1,PBX1,0.14,0,0,824,0.4,Down,29920,0.034066973,20,0,2347,645,Down,0.00370686,-3.610094081,-3.494915847,-2.430993819
MA0737.1,GLIS3,0.05,0,0,1,0,Down,23480,0.997378393,20,0,2347,1,Down,1,-7.984749473,5.254394937,1.214E-12
MA0501.1,MAF::NFE2,0.1,1,0.1,41,0,Up,24233.5,0.801919736,20,1,2347,41,Up,0.301991474,-4.797229758,2.049280507,0.520005318
MA0259.1,ARNT::HIF1A,0.01,15,0.8,1129,0.5,Up,27520.5,0.183230547,20,10,2347,813,Up,0.162036585,-1.247072744,0.563676325,0.790386917
MA0147.3,MYC,0.01,2,0.1,140,0.1,Up,24454,0.746458118,20,2,2347,136,Up,0.326977253,-3.569888106,1.068528392,0.485482459
MA1574.1,THRB,0.08,1,0.1,22,0,Up,24423.5,0.754059034,20,1,2347,22,Up,0.178054499,-5.238822925,2.932466842,0.749447048
MA1587.1,ZNF135,0.08,3,0.2,32,0,Up,26679,0.291708098,20,3,2347,31,Up,0.002613542,-4.384913301,3.669432436,2.582770492
MA1419.1,IRF4,0.07,0,0,1,0,Down,23480,0.997378393,20,0,2347,1,Down,1,-7.984749473,5.254394937,1.214E-12
MA0152.1,NFATC2,0,3,0.2,1376,0.6,Down,30637.5,0.018521348,20,3,2347,1028,Down,0.011126788,-1.870390223,-1.359613719,-1.953630192
MA1621.1,Rbpjl,0.02,4,0.2,320,0.1,Up,25134,0.58455676,20,4,2347,299,Up,0.311521487,-2.579062126,0.782870247,0.506511992
MA0667.1,MYF6,0.14,18,0.9,1010,0.4,Up,28209.5,0.119409083,20,9,2347,617,Up,0.073340542,-1.518119304,0.816989625,1.134655884
MA0655.1,JDP2,0.12,3,0.2,581,0.2,Down,25009,0.613088608,20,2,2347,391,Down,0.558424808,-2.809832427,-0.451582964,-0.253035296
MA0048.2,NHLH1,0.08,24,1.2,1422,0.6,Up,30688,0.017710293,20,12,2347,689,Up,0.005275694,-1.240599258,1.053806886,2.277720397
MA1110.1,NR1H4,0.02,1,0.1,410,0.2,Down,25985.5,0.408510056,20,1,2347,367,Down,0.346874359,-3.223949253,-1.097280501,-0.459827802
MA1483.1,ELF2,0.15,4,0.2,1251,0.5,Down,28633.5,0.08977752,20,3,2347,864,Down,0.059662932,-1.995692186,-1.109009794,-1.224295407
MA0522.3,TCF3,0,0,0,9,0,Down,23550,0.979029525,20,0,2347,8,Down,1,-6.733499303,2.751894597,3.45E-13
MA0657.1,KLF13,0.12,5,0.3,127,0.1,Up,28142.5,0.124723789,20,5,2347,117,Up,0.002781305,-3.109256441,2.42227211,2.555751329
MA0733.1,EGR4,0.15,31,1.6,3062,1.3,Up,28041,0.133124334,20,17,2347,1407,Up,0.02219572,-0.483129612,0.509721248,1.653730759
MA0159.1,RARA::RXRA,0.12,3,0.2,159,0.1,Up,25451.5,0.515006504,20,3,2347,153,Up,0.140721114,-3.24250584,1.384617515,0.851640735
MA1557.1,SMAD5,0.12,1,0.1,284,0.1,Down,24782.5,0.666287731,20,1,2347,247,Down,0.714367918,-3.509107116,-0.526964776,-0.146078058
MA0525.2,TP63,0.15,0,0,17,0,Down,23600,0.965929414,20,0,2347,13,Down,1,-6.399786972,2.084469936,1.813E-12
MA1530.1,NKX6-3,0.02,1,0.1,522,0.2,Down,26742,0.282338089,20,1,2347,441,Down,0.15149842,-3.091614659,-1.361949689,-0.819591896
MA0621.1,mix-a,0.04,6,0.3,2356,1,Down,29344.5,0.053583808,20,2,2347,836,Down,0.017312673,-2.262155811,-1.546936197,-1.761635867
MA0812.1,TFAP2B(var.2),0.14,121,6.1,9618,4.1,Up,31821.5,0.006068548,20,20,2347,1974,Up,0.059496524,-0.124818895,0.24963779,1.225508406
MA0682.2,PITX1,0.15,37,1.9,6655,2.8,Down,30012.5,0.031581262,20,15,2347,2084,Down,0.066772095,-0.28738974,-0.231931908,-1.175404995
MA1531.1,NR1D1,0.12,1,0.1,48,0,Up,24173,0.817326547,20,1,2347,47,Up,0.33728895,-4.699821669,1.85446433,0.471997887
MA0695.1,ZBTB7C,0.13,60,3,5999,2.6,Up,27527.5,0.182474786,20,20,2347,2060,Up,0.159388603,-0.094065347,0.188130694,0.797542737
MA1534.1,NR1I3,0.02,0,0,460,0.2,Down,27620,0.172704037,20,0,2347,415,Down,0.035602568,-3.92787839,-2.859347229,-1.448518675
MA1148.1,PPARA::RXRA,0.15,2,0.1,418,0.2,Down,25961.5,0.412995967,20,1,2347,384,Down,0.230997153,-3.191329579,-1.162519849,-0.636393373
MA1109.1,NEUROD1,0.03,13,0.7,732,0.3,Up,28635,0.089684313,20,9,2347,612,Up,0.071642054,-1.52398395,0.828718917,1.144831969
MA0838.1,CEBPG,0.07,2,0.1,60,0,Up,25334,0.540236804,20,2,2347,47,Up,0.062945436,-4.331338872,2.591429924,1.201035754
MA0485.2,HOXC9,0.09,4,0.2,243,0.1,Up,25878,0.428828955,20,4,2347,225,Up,0.120655773,-2.783776411,1.192298816,0.918451895
MA0794.1,PROX1,0.15,0,0,217,0.1,Down,25470,0.511090586,20,0,2347,200,Down,0.405579292,-4.45350151,-1.808100989,-0.391924227
MA0638.1,CREB3,0.03,1,0.1,7,0,Up,24573.5,0.716920696,20,1,2347,7,Up,0.065724884,-6.031304175,4.517429343,1.182270172
MA0792.1,POU5F1B,0.15,16,0.8,4841,2.1,Down,32902,0.001941262,20,12,2347,1835,Down,0.05933838,-0.534323929,-0.358743771,-1.226664318
MA0843.1,TEF,0.13,0,0,539,0.2,Down,27960,0.140137174,20,0,2347,449,Down,0.021374219,-3.871142071,-2.972819868,-1.670109753
MA0484.2,HNF4G,0.15,15,0.8,1144,0.5,Up,27020.5,0.243376527,20,10,2347,899,Up,0.356172094,-1.174582277,0.418695389,0.448340111
MA1624.1,Stat5a,0.14,11,0.6,1707,0.7,Down,25823,0.439447942,20,9,2347,1184,Down,0.659929423,-1.048235725,-0.122777532,-0.180502508
MA0526.3,USF2,0.07,6,0.3,219,0.1,Up,27492,0.186331529,20,5,2347,186,Up,0.01849699,-2.775999004,1.755757236,1.732898947
MA0881.1,Dlx4,0.02,16,0.8,3988,1.7,Down,29990,0.032171118,20,8,2347,1414,Down,0.07084649,-1.000461072,-0.539256182,-1.149681665
MA1137.1,FOSL1::JUNB,0.05,1,0.1,440,0.2,Down,25854,0.433444233,20,1,2347,352,Down,0.343372454,-3.25400975,-1.037159509,-0.464234547
MA0116.1,Znf423,0.07,0,0,221,0.1,Down,25390,0.528135423,20,0,2347,192,Down,0.400330706,-4.482873406,-1.749357198,-0.397581097
MA0476.1,FOS,0.02,0,0,212,0.1,Down,25260,0.556437831,20,0,2347,179,Down,0.394692083,-4.533310707,-1.648482596,-0.403741585
MA0715.1,PROP1,0.15,0,0,716,0.3,Down,28930,0.0728142,20,0,2347,546,Down,0.007048296,-3.730191881,-3.254720248,-2.151915876
MA1149.1,RARA::RXRG,0.14,10,0.5,764,0.3,Up,27506.5,0.184749024,20,9,2347,634,Up,0.080019378,-1.49852879,0.777808598,1.096804827
MA0786.1,POU3F1,0.09,0,0,757,0.3,Down,29440,0.049813225,20,0,2347,597,Down,0.003876738,-3.665833272,-3.383437465,-2.411533549
MA1122.1,TFDP1,0,1,0.1,30,0,Up,24343.5,0.774107643,20,1,2347,30,Up,0.232591841,-5.019380804,2.493582601,0.633405523
MA0032.2,FOXC1,0.08,6,0.3,1651,0.7,Down,29234,0.058241087,20,3,2347,967,Down,0.020641411,-1.914494337,-1.271405491,-1.685260618
MA0163.1,PLAG1,0.08,3,0.2,57,0,Up,25292.5,0.54929341,20,2,2347,55,Up,0.082079542,-4.219058743,2.366869666,1.085765075
MA0659.2,MAFG,0.02,1,0.1,11,0,Up,24533.5,0.72676317,20,1,2347,11,Up,0.097027652,-5.722968495,3.900757983,1.013104478
MA0019.1,Ddit3::Cebpa,0.14,23,1.2,3787,1.6,Down,28818,0.078884804,20,12,2347,1796,Down,0.108527499,-0.549816019,-0.327759592,-0.964460203
MA1544.1,OVOL1,0.13,1,0.1,349,0.1,Down,25500,0.504773668,20,1,2347,319,Down,0.505651232,-3.324913413,-0.895352182,-0.29614893
MA0634.1,ALX3,0.02,9,0.5,2993,1.3,Down,30059,0.030391565,20,4,2347,1098,Down,0.022293778,-1.641608646,-1.092036715,-1.651816323
MA0527.1,ZBTB33,0.12,0,0,510,0.2,Down,27100,0.232982972,20,0,2347,363,Down,0.059311245,-4.024324947,-2.666454116,-1.226862958
MA0806.1,TBX4,0.12,55,2.8,5597,2.4,Up,25119.5,0.587834613,20,20,2347,2095,Up,0.260499004,-0.081915318,0.163830636,0.584193933
MA1106.1,HIF1A,0.01,15,0.8,989,0.4,Up,28283.5,0.113747111,20,10,2347,749,Up,0.094660235,-1.306179678,0.681890193,1.023832421
MA1541.1,NR6A1,0.15,6,0.3,514,0.2,Up,24874.5,0.644456484,20,5,2347,456,Up,0.568825975,-2.130279389,0.464318007,0.24502058
MA0779.1,PAX1,0.13,0,0,7,0,Down,23540,0.981650339,20,0,2347,7,Down,1,-6.823785426,2.932466842,1.25E-12
MA0106.3,TP53,0.13,0,0,19,0,Down,23600,0.965929414,20,0,2347,13,Down,1,-6.399786972,2.084469936,1.813E-12
MA1153.1,Smad4,0.06,42,2.1,4125,1.8,Up,25707,0.462332407,20,19,2347,1896,Up,0.15134328,-0.189967786,0.235636,0.820036857
MA0822.1,HES7,0.02,0,0,2,0,Down,23480,0.997378393,20,0,2347,1,Down,1,-7.984749473,5.254394937,1.214E-12
MA0464.2,BHLHE40,0.02,10,0.5,477,0.2,Up,25669.5,0.469870205,20,4,2347,258,Up,0.267724875,-2.685257988,0.995261969,0.572311275
MA0895.1,HMBOX1,0.03,1,0.1,783,0.3,Down,28737.5,0.083497476,20,1,2347,638,Down,0.022419772,-2.825478068,-1.894222871,-1.649368814
MA0107.1,RELA,0.04,0,0,220,0.1,Down,25520,0.500585366,20,0,2347,205,Down,0.409480974,-4.435733432,-1.843637146,-0.387766272
MA0090.3,TEAD1,0.04,3,0.2,193,0.1,Up,25188,0.572425003,20,3,2347,178,Up,0.192944816,-3.133663131,1.166932096,0.714566887
MA0079.4,SP1,0.06,6,0.3,254,0.1,Up,28200,0.12015168,20,6,2347,223,Up,0.009301835,-2.524945354,1.735666135,2.031431345
MA1579.1,ZBTB26,0.01,5,0.3,408,0.2,Up,25547.5,0.494856674,20,5,2347,370,Up,0.230606861,-2.280850048,0.765459324,0.637127775
MA0024.3,E2F1,0.06,3,0.2,103,0,Up,25204,0.56885351,20,2,2347,60,Up,0.0948583,-4.156835057,2.242422296,1.022924662
MA0796.1,TGIF1,0.12,1,0.1,38,0,Up,24320.5,0.779900277,20,1,2347,32,Up,0.245678929,-4.973565567,2.401952126,0.609632089
MA1600.1,ZNF684,0.07,0,0,3,0,Down,23500,0.992135294,20,0,2347,3,Down,1,-7.373553263,4.032002516,9.65E-13
MA0780.1,PAX3,0.11,0,0,564,0.2,Down,27360,0.201200683,20,0,2347,389,Down,0.061181933,-3.974490965,-2.76612208,-1.213376803
MA0774.1,MEIS2,0.02,24,1.2,1686,0.7,Up,30095.5,0.029484883,20,15,2347,1194,Up,0.041471003,-0.689036999,0.57136261,1.382255465
MA0871.2,TFEC,0,1,0.1,11,0,Up,24533.5,0.72676317,20,1,2347,11,Up,0.097027652,-5.722968495,3.900757983,1.013104478
MA0132.2,PDX1,0.01,8,0.4,2432,1,Down,28482.5,0.099566607,20,3,2347,854,Down,0.059935993,-2.004084922,-1.092224322,-1.222312298
MA0478.1,FOSL2,0.05,7,0.4,750,0.3,Up,25312.5,0.544919445,20,6,2347,478,Up,0.272397867,-1.975823307,0.637422042,0.564796298
MA1628.1,Zic1::Zic2,0.01,17,0.9,1473,0.6,Up,28562.5,0.094279277,20,14,2347,1004,Up,0.021145414,-0.862109302,0.725076584,1.674783799
MA0859.1,Rarg,0.15,1,0.1,21,0,Up,24443,0.749196633,20,1,2347,20,Up,0.163855746,-5.305973471,3.066767934,0.785538326
MA0686.1,SPDEF,0.14,0,0,786,0.3,Down,29700,0.040658809,20,0,2347,623,Down,0.003621119,-3.635107849,-3.444888312,-2.44115721
MA1606.1,Foxf1,0.04,10,0.5,2635,1.1,Down,29605,0.043823148,20,10,2347,1435,Down,0.359229554,-0.837403205,-0.255662755,-0.444627941
MA1105.2,GRHL2,0.14,10,0.5,1621,0.7,Down,26291.5,0.353894892,20,7,2347,1126,Down,0.269907121,-1.254969627,-0.391383565,-0.568785657
MA0078.1,Sox17,0.05,26,1.3,4884,2.1,Down,29960,0.032972262,20,13,2347,1931,Down,0.070288569,-0.442033991,-0.321261022,-1.153115297
MA0692.1,TFEB,0.03,4,0.2,199,0.1,Up,24377.5,0.765567696,20,2,2347,149,Up,0.368124219,-3.504265839,0.937283859,0.434005609
MA0618.1,LBX1,0.1,15,0.8,4627,2,Down,33207,0.001377672,20,6,2347,1582,Down,0.00105134,-1.113015972,-1.088192628,-2.978256652
MA0893.2,GSX2,0.04,16,0.8,3721,1.6,Down,29756,0.038885872,20,8,2347,1498,Down,0.03494554,-0.958847619,-0.622483089,-1.456608241
MA0028.2,ELK1,0.15,4,0.2,1462,0.6,Down,29655,0.042132708,20,3,2347,959,Down,0.020962503,-1.920483764,-1.259426636,-1.67855687
MA0153.2,HNF1B,0.15,0,0,355,0.2,Down,25920,0.420821353,20,0,2347,245,Down,0.256391209,-4.307441116,-2.100221776,-0.591096869
MA0722.1,VAX1,0.12,48,2.4,12256,5.2,Down,33169.5,0.001437731,20,14,2347,2099,Down,0.015232351,-0.33032519,-0.33849164,-1.817233054
MA0877.2,BARHL1,0,1,0.1,17,0,Up,24473.5,0.741611358,20,1,2347,17,Up,0.142119965,-5.420107965,3.295036922,0.847344909
MA0630.1,SHOX,0.01,16,0.8,3988,1.7,Down,29990,0.032171118,20,8,2347,1414,Down,0.07084649,-1.000461072,-0.539256182,-1.149681665
MA1556.1,RXRG(var.2),0.11,2,0.1,71,0,Up,25134,0.58455676,20,2,2347,68,Up,0.11642297,-4.067250635,2.06325345,0.933961326
MA0730.1,RARA(var.2),0.13,0,0,13,0,Down,23600,0.965929414,20,0,2347,13,Down,1,-6.399786972,2.084469936,1.813E-12
MA0665.1,MSC,0.13,17,0.9,765,0.3,Up,29772.5,0.038376184,20,9,2347,445,Up,0.007292803,-1.753626156,1.28800333,2.13710552
MA1563.1,SOX18,0.04,4,0.2,1407,0.6,Down,30071.5,0.030078397,20,3,2347,1014,Down,0.011542285,-1.880276688,-1.33984079,-1.937708193
MA1524.1,MSGN1,0.03,1,0.1,641,0.3,Down,27338,0.203760773,20,1,2347,498,Down,0.097095755,-3.004024626,-1.537129756,-1.012799758
MA0130.1,ZNF354C,0.01,58,2.9,5410,2.3,Up,26329.5,0.347450171,20,20,2347,2080,Up,0.156248039,-0.087097435,0.174194869,0.806185425
MA0604.1,Atf1,0,1,0.1,24,0,Up,24403.5,0.759056259,20,1,2347,24,Up,0.192024001,-5.177394551,2.809610095,0.716644486
MA0901.2,HOXB13,0.1,9,0.5,1983,0.8,Down,29510.5,0.047174679,20,4,2347,1145,Down,0.01216154,-1.611387351,-1.152479304,-1.915011412
MA0821.1,HES5,0.12,0,0,232,0.1,Down,24700,0.686108742,20,0,2347,123,Down,0.621404625,-4.803047108,-1.109009794,-0.206625519
MA1560.1,SOHLH2,0.03,7,0.4,443,0.2,Up,26967.5,0.250484062,20,6,2347,345,Up,0.103218777,-2.210739914,1.107255256,0.986241291
MA0063.2,NKX2-5,0.13,35,1.8,3989,1.7,Up,23785,0.917566445,20,15,2347,1870,Down,0.58006548,-0.365528443,-0.075654502,-0.236522979
MA0639.1,DBP,0.15,2,0.1,1390,0.6,Down,27798,0.15501115,20,2,2347,616,Down,0.126031086,-2.482288134,-1.106671552,-0.899522321
MA1576.1,THRB(var.3),0.1,1,0.1,6,0,Up,24583.5,0.714467331,20,1,2347,6,Up,0.057739627,-6.134529614,4.723880221,1.238526029
MA0496.3,MAFK,0.09,3,0.2,131,0.1,Up,25782.5,0.447362969,20,3,2347,119,Up,0.080287219,-3.423119859,1.745845552,1.095353585
MA0156.2,FEV,0.08,1,0.1,1057,0.5,Down,30182.5,0.027417081,20,1,2347,778,Down,0.006745096,-2.682472859,-2.18023329,-2.171011882
MA1473.1,CDX4,0.12,21,1.1,3582,1.5,Down,28266.5,0.115028758,20,11,2347,1701,Down,0.127807401,-0.649154028,-0.369672042,-0.893443995
MA0099.3,FOS::JUN,0.06,8,0.4,814,0.3,Up,25524,0.499749922,20,7,2347,578,Up,0.299457146,-1.735698851,0.570074884,0.523665319
MA0724.1,VENTX,0.15,60,3,12433,5.3,Down,31454.5,0.008703933,20,16,2347,2182,Down,0.049344269,-0.209150695,-0.208014381,-1.306763284
MA0004.1,Arnt,0.08,33,1.7,2493,1.1,Up,26502.5,0.319061046,20,12,2347,1144,Up,0.372631575,-0.875051755,0.32271188,0.428720348
MA1466.1,ATF6,0.07,1,0.1,15,0,Up,24493.5,0.736650949,20,1,2347,15,Up,0.127332388,-5.507651318,3.470123628,0.895061116
MA0858.1,Rarb(var.2),0.14,0,0,13,0,Down,23600,0.965929414,20,0,2347,13,Down,1,-6.399786972,2.084469936,1.813E-12
MA0886.1,EMX2,0.07,8,0.4,2503,1.1,Down,28824,0.078549472,20,3,2347,891,Down,0.037293118,-1.973507769,-1.153378628,-1.428371304
MA0892.1,GSX1,0.03,11,0.6,3341,1.4,Down,30717,0.01725875,20,5,2347,1252,Down,0.012923403,-1.40221747,-0.991805832,-1.888623118
MA0608.1,Creb3l2,0.15,39,2,2950,1.3,Up,28558,0.094570591,20,15,2347,1228,Up,0.045595441,-0.668791497,0.530871606,1.341078579
MA0755.1,CUX2,0.14,15,0.8,3758,1.6,Down,31179,0.011310773,20,9,2347,1668,Down,0.022531214,-0.801098981,-0.61705102,-1.647215405
MA1528.1,NFIX(var.2),0.09,8,0.4,253,0.1,Up,26701,0.288412563,20,4,2347,146,Up,0.033845012,-3.094889796,1.814525585,1.470505331
MA0775.1,MEIS3,0.01,7,0.4,543,0.2,Up,25749,0.453970774,20,6,2347,484,Up,0.277946198,-1.966834437,0.619444301,0.556039262
MA1608.1,Isl1,0.1,24,1.2,2410,1,Up,25672,0.469365581,20,14,2347,1422,Up,0.493457412,-0.611133757,0.223125496,0.306750323
MA0014.3,PAX5,0.02,2,0.1,69,0,Up,25145,0.582075797,20,2,2347,67,Up,0.113659078,-4.077858878,2.084469936,0.944395871
MA0766.2,GATA5,0.04,24,1.2,3348,1.4,Down,26141,0.38015479,20,10,2347,1674,Down,0.046424682,-0.726314682,-0.4778398,-1.333251065
MA1484.1,ETS2,0.1,2,0.1,1040,0.4,Down,29166,0.061270809,20,2,2347,784,Down,0.029965659,-2.308451858,-1.454344104,-1.523376168
MA0140.2,GATA1::TAL1,0.14,8,0.4,1378,0.6,Down,27441,0.191977158,20,5,2347,1022,Down,0.114610803,-1.54857235,-0.699096071,-0.940774444
MA0813.1,TFAP2B(var.3),0.11,31,1.6,2486,1.1,Up,29592,0.044271928,20,15,2347,1175,Up,0.040608055,-0.700603157,0.594494925,1.391387807
MA0479.1,FOXH1,0.12,12,0.6,1670,0.7,Down,25808,0.442370017,20,7,2347,1146,Down,0.264346297,-1.242275106,-0.416772606,-0.577826769
MA1549.1,POU6F1(var.2),0.04,2,0.1,734,0.3,Down,27302,0.208001012,20,2,2347,607,Down,0.127038149,-2.492896377,-1.085455066,-0.896065843
MA1474.1,CREB3L4,0.04,2,0.1,46,0,Up,25357,0.535249852,20,2,2347,46,Up,0.06067912,-4.346687271,2.622126722,1.216960726
MA0676.1,Nr2e1,0.06,17,0.9,1495,0.6,Up,27619.5,0.172755778,20,13,2347,1053,Up,0.111874564,-0.879299673,0.553270341,0.951268644
MA1572.1,TGIF2LY,0.08,1,0.1,34,0,Up,24360.5,0.76983418,20,1,2347,28,Up,0.219289238,-5.068304466,2.591429924,0.658982681
MA0047.3,FOXA2,0.09,6,0.3,1825,0.8,Down,29682.5,0.041226715,20,5,2347,1147,Down,0.041957141,-1.465375695,-0.865489382,-1.377194109
MA1512.1,KLF11,0.06,8,0.4,436,0.2,Up,27962.5,0.139916559,20,7,2347,371,Up,0.029497507,-2.055176226,1.209029633,1.530214686
MA1546.1,PAX3(var.2),0.07,1,0.1,4,0,Up,24603.5,0.709569466,20,1,2347,4,Up,0.041574184,-6.399786972,5.254394937,1.381176265
MA0699.1,LBX2,0.01,0,0,657,0.3,Down,28580,0.093153223,20,0,2347,511,Down,0.012063723,-3.777935509,-3.159232992,-1.918518643
MA1550.1,PPARD,0.15,1,0.1,66,0,Up,23993,0.863561558,20,1,2347,65,Up,0.433288944,-4.468037972,1.390896937,0.363222392
MA1583.1,ZFP57,0.02,5,0.3,300,0.1,Up,26497.5,0.319859613,20,5,2347,280,Up,0.082816483,-2.481586434,1.166932096,1.081883217
MA0904.2,HOXB5,0.14,78,3.9,17230,7.3,Down,31719.5,0.00671737,20,13,2347,2063,Down,0.007378652,-0.394348111,-0.416632783,-2.132022969
MA1497.1,HOXA6,0,1,0.1,4,0,Up,24603.5,0.709569466,20,1,2347,4,Up,0.041574184,-6.399786972,5.254394937,1.381176265
MA1632.1,ATF2,0.14,4,0.2,1081,0.5,Down,27176,0.223345096,20,4,2347,795,Down,0.239422344,-1.874409163,-0.626435681,-0.620835322
MA0007.3,Ar,0.09,1,0.1,79,0,Up,24186,0.814009815,20,1,2347,44,Up,0.319857711,-4.746882758,1.948586508,0.495043176
MA1548.1,PLAGL2,0.12,105,5.3,8441,3.6,Up,31323,0.009872534,20,20,2347,1888,Up,0.021016511,-0.156942187,0.313884374,1.677439377
MA0723.1,VAX2,0.11,40,2,9797,4.2,Down,32375,0.003434414,20,13,2347,2026,Down,0.014146659,-0.407399742,-0.39052952,-1.849346115
MA0679.2,ONECUT1,0.15,4,0.2,1176,0.5,Down,27704,0.164174968,20,4,2347,842,Down,0.164944932,-1.833001785,-0.709250437,-0.782661023
MA1652.1,ZKSCAN5,0.14,32,1.6,2912,1.2,Up,28681.5,0.086833324,20,16,2347,1550,Up,0.23911697,-0.455774759,0.285233747,0.6213896
MA0785.1,POU2F1,0.15,12,0.6,3046,1.3,Down,29518,0.046901031,20,10,2347,1478,Down,0.250384239,-0.816112748,-0.298243667,-0.601393012
MA0685.1,SP4,0.07,5,0.3,271,0.1,Up,26915,0.25766618,20,5,2347,235,Up,0.044711975,-2.607723289,1.419205807,1.349576147
MA0882.1,DLX6,0.01,16,0.8,3986,1.7,Down,29986.5,0.032263717,20,8,2347,1414,Down,0.07084649,-1.000461072,-0.539256182,-1.149681665
MA0109.1,HLTF,0.01,47,2.4,6512,2.8,Down,26035,0.399349997,20,17,2347,2144,Down,0.249699844,-0.179376415,-0.097785146,-0.602581729
MA1139.1,FOSL2::JUNB(var.2),0,0,0,2,0,Down,23480,0.997378393,20,0,2347,1,Down,1,-7.984749473,5.254394937,1.214E-12
MA1495.1,HOXA1,0.12,73,3.7,16039,6.8,Down,31334,0.00976968,20,13,2347,2006,Down,0.01932097,-0.414554252,-0.376220501,-1.713971085
MA0516.2,SP2,0.08,3,0.2,120,0.1,Up,25895.5,0.425481738,20,3,2347,108,Up,0.063985734,-3.492777646,1.885161128,1.193916847
MA0791.1,POU4F3,0.09,2,0.1,161,0.1,Up,24408,0.757930997,20,2,2347,139,Up,0.336526126,-3.55420602,1.037164221,0.472981213
MA0913.2,HOXD9,0.06,9,0.5,716,0.3,Up,26795.5,0.274542955,20,8,2347,592,Up,0.192697086,-1.628163631,0.716148935,0.715124854
MA0836.2,CEBPD,0.1,5,0.3,1060,0.5,Down,26285,0.355004797,20,5,2347,818,Down,0.4811344,-1.709095611,-0.37804955,-0.317733591
MA0031.1,FOXD1,0.15,15,0.8,4789,2,Down,33783.5,7.02E-04,20,12,2347,1834,Down,0.059798779,-0.534717034,-0.357957562,-1.223307682
MA0042.2,FOXI1,0.09,5,0.3,1981,0.8,Down,30945,0.014046869,20,5,2347,1212,Down,0.02296057,-1.425630398,-0.944979975,-1.639017333
MA1599.1,ZNF682,0.1,0,0,230,0.1,Down,25690,0.465741153,20,0,2347,222,Down,0.249005792,-4.378399961,-1.958304088,-0.603790551
MA0006.1,Ahr::Arnt,0.02,47,2.4,5849,2.5,Down,24257.5,0.795828858,20,19,2347,1927,Up,0.233920064,-0.178272042,0.212244512,0.630932525
MA0905.1,HOXC10,0.15,32,1.6,7308,3.1,Down,32433,0.003229806,20,13,2347,2054,Down,0.008729465,-0.397501165,-0.410326675,-2.059012377
MA1507.1,HOXD4,0.09,59,3,12054,5.1,Down,31112,0.012041227,20,16,2347,2146,Down,0.08816876,-0.221148435,-0.1840189,-1.054685265
MA1639.1,MEIS1(var.2),0.15,4,0.2,1585,0.7,Down,30164,0.027845996,20,4,2347,1067,Down,0.02416229,-1.662258046,-1.050737915,-1.616861904
MA0661.1,MEOX1,0.08,10,0.5,3203,1.4,Down,30959,0.013868073,20,4,2347,1205,Down,0.006037046,-1.574560255,-1.226133496,-2.219175485
MA0809.2,TEAD4,0.01,3,0.2,193,0.1,Up,25188,0.572425003,20,3,2347,178,Up,0.192944816,-3.133663131,1.166932096,0.714566887
MA0814.2,TFAP2C(var.2),0.08,20,1,1281,0.5,Up,30504,0.020823848,20,14,2347,962,Up,0.011169178,-0.892918861,0.786695703,1.951978786
MA0503.1,Nkx2-5(var.2),0.09,28,1.4,2694,1.1,Up,27222.5,0.217590746,20,16,2347,1600,Up,0.337955291,-0.432880183,0.239444596,0.47114075
MA1536.1,NR2C2(var.2),0.02,69,3.5,5040,2.1,Up,31533.5,0.008062859,20,19,2347,1997,Up,0.343133097,-0.15253972,0.160779869,0.46453739
MA1558.1,SNAI1,0.04,45,2.3,4206,1.8,Up,27256.5,0.213451268,20,15,2347,1854,Down,0.590654362,-0.371725292,-0.063260804,-0.228666584
MA1470.1,BACH2(var.2),0.08,0,0,1,0,Down,23480,0.997378393,20,0,2347,1,Down,1,-7.984749473,5.254394937,1.214E-12
MA0506.1,NRF1,0.03,0,0,439,0.2,Down,26570,0.308408217,20,0,2347,310,Down,0.097134408,-4.138005994,-2.43909202,-1.012626902
MA0694.1,ZBTB7B,0.04,1,0.1,32,0,Up,24333,0.776750567,20,1,2347,31,Up,0.239162116,-4.996109511,2.447040015,0.621307612
MA0491.2,JUND,0.06,0,0,195,0.1,Down,25100,0.592256113,20,0,2347,163,Down,0.393381081,-4.600657311,-1.513789388,-0.40518653
MA0076.2,ELK4,0.11,11,0.6,2683,1.1,Down,29941,0.033488437,20,7,2347,1438,Down,0.020724297,-1.078610673,-0.744101472,-1.683520199
MA0083.3,SRF,0.05,0,0,1,0,Down,23480,0.997378393,20,0,2347,1,Down,1,-7.984749473,5.254394937,1.214E-12
MA1100.2,ASCL1,0.02,22,1.1,966,0.4,Up,30884,0.014849872,20,10,2347,432,Up,0.00143399,-1.702793851,1.475118538,2.843453982
MA0708.1,MSX2,0.07,16,0.8,3988,1.7,Down,29990,0.032171118,20,8,2347,1414,Down,0.07084649,-1.000461072,-0.539256182,-1.149681665
MA1489.1,FOXN3,0,0,0,155,0.1,Down,24920,0.633770306,20,0,2347,145,Down,0.630161991,-4.684793052,-1.345517905,-0.200547796
MA0873.1,HOXD12,0.02,1,0.1,8,0,Up,24563.5,0.719376986,20,1,2347,8,Up,0.073645826,-5.941018053,4.336857097,1.132851862
MA0899.1,HOXA10,0.14,97,4.9,19121,8.1,Down,31702,0.006834753,20,16,2347,2255,Down,0.007465914,-0.185417879,-0.255480013,-2.126916999
MA0702.2,LMX1A,0.03,1,0.1,1108,0.5,Down,28643.5,0.089157608,20,1,2347,618,Down,0.03708856,-2.848434581,-1.848309846,-1.430760025
MA0087.1,Sox5,0,5,0.3,1376,0.6,Down,29052,0.066642252,20,3,2347,949,Down,0.021528419,-1.928041167,-1.24431183,-1.666987861
MA0867.2,SOX4,0.15,138,6.9,19791,8.4,Down,27917,0.143973766,20,19,2347,2332,Down,0.127332388,-0.040698931,-0.062901709,-0.895061116
MA1127.1,FOSB::JUN,0.02,0,0,14,0,Down,23570,0.973788604,20,0,2347,10,Down,1,-6.581072012,2.447040015,8.32E-13
MA1623.1,Stat2,0.07,7,0.4,1240,0.5,Down,28033,0.133804632,20,3,2347,872,Down,0.05972515,-1.989047602,-1.122298961,-1.223842753
MA1559.1,SNAI3,0.01,1,0.1,59,0,Up,24082.5,0.840503664,20,1,2347,56,Up,0.387072058,-4.574659992,1.604140976,0.412208178
MA1593.1,ZNF317,0.14,21,1.1,1704,0.7,Up,28687,0.086501003,20,14,2347,1168,Up,0.076797419,-0.753019217,0.506896414,1.114653376
MA0135.1,Lhx3,0.14,6,0.3,1593,0.7,Down,27506,0.184803427,20,4,2347,857,Down,0.162572004,-1.820271792,-0.734710422,-0.788954241
MA0795.1,SMAD3,0.14,4,0.2,425,0.2,Up,24467.5,0.743101588,20,2,2347,348,Down,0.756215273,-2.893759253,-0.283729313,-0.121354556
MA1140.2,JUNB(var.2),0.13,0,0,225,0.1,Down,24620,0.705537733,20,0,2347,115,Down,0.621163875,-4.851356203,-1.012391603,-0.20679381
MA0137.3,STAT1,0.14,17,0.9,2127,0.9,Down,24494.5,0.736403215,20,13,2347,1277,Up,0.376512793,-0.740233185,0.275137364,0.424220263
MA0714.1,PITX3,0.11,25,1.3,4967,2.1,Down,30521.5,0.020508467,20,13,2347,1948,Down,0.06480842,-0.435712864,-0.333903276,-1.188368567
MA0603.1,Arntl,0,1,0.1,32,0,Up,24333,0.776750567,20,1,2347,31,Up,0.239162116,-4.996109511,2.447040015,0.621307612
MA1503.1,HOXB9,0.08,4,0.2,255,0.1,Up,25790,0.445891137,20,4,2347,233,Up,0.132569351,-2.758628853,1.1420037,0.877556869
MA0114.4,HNF4A,0.01,1,0.1,62,0,Up,24042.5,0.850793193,20,1,2347,60,Up,0.408038355,-4.525317855,1.505456701,0.389299012
MA1504.1,HOXC4,0.09,59,3,12054,5.1,Down,31112,0.012041227,20,16,2347,2146,Down,0.08816876,-0.221148435,-0.1840189,-1.054685265
MA0788.1,POU3F3,0.12,0,0,533,0.2,Down,27940,0.141911737,20,0,2347,447,Down,0.021479146,-3.874358788,-2.966386434,-1.667982998
MA0497.1,MEF2C,0.15,30,1.5,7539,3.2,Down,32767.5,0.002251492,20,10,2347,1986,Down,3.35E-04,-0.603065473,-0.724338217,-3.474337495
MA0789.1,POU3F4,0.11,3,0.2,880,0.4,Down,26903,0.259327669,20,3,2347,670,Down,0.220439121,-2.179006502,-0.742381162,-0.656711329
MA0670.1,NFIA,0.01,17,0.9,2171,0.9,Down,24499,0.735288748,20,12,2347,1389,Up,1,-0.735127569,0.042863508,-2.036E-12
MA1568.1,TCF21(var.2),0.1,0,0,581,0.2,Down,26950,0.252862405,20,0,2347,348,Down,0.060314602,-4.054723301,-2.605657408,-1.219577533
MA1144.1,FOSL2::JUND,0.04,0,0,271,0.1,Down,25380,0.530286212,20,0,2347,191,Down,0.399765567,-4.486630433,-1.741843144,-0.398194616
MA0611.1,Dux,0.01,5,0.3,1350,0.6,Down,28492,0.098926622,20,4,2347,959,Down,0.068218815,-1.739198725,-0.896856557,-1.166095827
MA1418.1,IRF3,0.13,1,0.1,48,0,Up,24182.5,0.814902456,20,1,2347,46,Up,0.331526245,-4.715170068,1.885161128,0.479482085
MA1644.1,NFYC,0.14,18,0.9,3198,1.4,Down,28375.5,0.107005177,20,10,2347,1642,Down,0.082874436,-0.740233185,-0.450002795,-1.081579414
MA0643.1,Esrrg,0.02,4,0.2,300,0.1,Up,25332,0.540671548,20,4,2347,279,Up,0.287575949,-2.628915986,0.882577967,0.541247438
MA1567.1,TBX6,0.06,30,1.5,2751,1.2,Up,26611.5,0.301976831,20,16,2347,1609,Up,0.339165238,-0.428835233,0.231354696,0.469588666
MA1500.1,HOXB6,0.05,28,1.4,6564,2.8,Down,31120.5,0.011946299,20,13,2347,1888,Down,0.092196553,-0.458274438,-0.288780128,-1.035285315
MA0849.1,FOXO6,0.15,14,0.7,3885,1.7,Down,32138,0.004398844,20,12,2347,1762,Down,0.125523834,-0.563598858,-0.300193914,-0.901273804
MA0154.4,EBF1,0.15,39,2,2361,1,Up,32857,0.002040394,20,16,2347,1096,Up,0.003079606,-0.705688616,0.785061461,2.511504773
MA0855.1,RXRB,0.04,0,0,1,0,Down,23480,0.997378393,20,0,2347,1,Down,1,-7.984749473,5.254394937,1.214E-12
MA0119.1,NFIC::TLX1,0.13,8,0.4,242,0.1,Up,27624.5,0.172238881,20,5,2347,187,Up,0.01888755,-2.772141522,1.748042271,1.723824365
MA0808.1,TEAD3,0,3,0.2,193,0.1,Up,25188,0.572425003,20,3,2347,178,Up,0.192944816,-3.133663131,1.166932096,0.714566887
MA1151.1,RORC,0.08,3,0.2,687,0.3,Down,26685.5,0.290731794,20,2,2347,574,Down,0.189963329,-2.533185135,-1.00487755,-0.721330228
MA0160.1,NR4A2,0.11,71,3.6,7535,3.2,Up,25193,0.571307768,20,18,2347,2196,Down,0.374391704,-0.122008649,-0.052179981,-0.426673783
MA0681.2,PHOX2B,0.15,0,0,760,0.3,Down,29240,0.057979841,20,0,2347,577,Down,0.006707852,-3.690392155,-3.334319698,-2.17341653
MA1517.1,KLF6,0.01,5,0.3,269,0.1,Up,26947.5,0.253203448,20,5,2347,232,Up,0.042665851,-2.616971461,1.437702151,1.369919584
MA0662.1,MIXL1,0.01,8,0.4,2475,1.1,Down,28722.5,0.084380662,20,3,2347,881,Down,0.038363582,-1.981644883,-1.137104399,-1.416080846
MA0018.4,CREB1,0.07,0,0,349,0.1,Down,25830,0.438088108,20,0,2347,236,Down,0.252340762,-4.334382537,-2.046338935,-0.598012589
MA0486.2,HSF1,0.11,4,0.2,109,0,Up,27160,0.225350041,20,4,2347,99,Up,0.009562278,-3.373955913,2.372657819,2.019438618
MA1505.1,HOXC8,0.11,86,4.3,18786,8,Down,31774,0.006363325,20,13,2347,2063,Down,0.007378652,-0.394348111,-0.416632783,-2.132022969
MA0614.1,Foxj2,0.06,6,0.3,1779,0.8,Down,29307,0.055128192,20,6,2347,1157,Down,0.114874801,-1.338612625,-0.636999322,-0.93977523
MA0093.3,USF1,0.1,10,0.5,439,0.2,Up,27059,0.238303176,20,6,2347,365,Up,0.111931678,-2.170147067,1.02606956,0.951046986
MA0101.1,REL,0.13,30,1.5,3086,1.3,Up,25532.5,0.497977064,20,16,2347,1625,Up,0.464781116,-0.421699744,0.217083717,0.332751525
MA0520.1,Stat6,0.14,6,0.3,2268,1,Down,29069.5,0.065793334,20,3,2347,882,Down,0.038243928,-1.980827028,-1.138740108,-1.41743751
MA1554.1,RFX7,0.06,6,0.3,941,0.4,Down,27182.5,0.222534243,20,3,2347,744,Down,0.146881978,-2.103489243,-0.893415679,-0.833031487
MA1480.1,DPRX,0.04,2,0.1,107,0,Up,24774,0.668319453,20,2,2347,104,Up,0.224730771,-3.76258711,1.453926401,0.648337458
MA0666.1,MSX1,0.05,16,0.8,3985,1.7,Down,29986.5,0.032263717,20,8,2347,1414,Down,0.07084649,-1.000461072,-0.539256182,-1.149681665
MA0475.2,FLI1,0.1,1,0.1,878,0.4,Down,28982.5,0.070103171,20,1,2347,660,Down,0.021745868,-2.801042098,-1.943094813,-1.662623244
MA0027.2,EN1,0.05,16,0.8,4390,1.9,Down,31112.5,0.012035625,20,8,2347,1511,Down,0.033037275,-0.952616671,-0.634944984,-1.480995776
MA0688.1,TBX2,0.02,2,0.1,92,0,Up,24897,0.639162747,20,2,2347,92,Up,0.187187627,-3.850575946,1.629904072,0.727722862
MA0009.2,TBXT,0.09,1,0.1,6,0,Up,24593,0.712139364,20,1,2347,5,Up,0.049689559,-6.255033664,4.96488832,1.303734855
MA0524.2,TFAP2C,0.09,43,2.2,3550,1.5,Up,29656.5,0.04208286,20,17,2347,1389,Up,0.021010842,-0.492414156,0.528290336,1.677556548
MA1596.1,ZNF460,0.11,1,0.1,474,0.2,Down,26539,0.313271072,20,1,2347,422,Down,0.234522529,-3.123345708,-1.298487593,-0.629815431
MA0735.1,GLIS1,0.12,0,0,7,0,Down,23540,0.981650339,20,0,2347,7,Down,1,-6.823785426,2.932466842,1.25E-12
MA0763.1,ETV3,0.15,3,0.2,1639,0.7,Down,31512,0.008233003,20,2,2347,1043,Down,0.002279396,-2.102659234,-1.865929352,-2.642180216
MA0736.1,GLIS2,0.13,6,0.3,730,0.3,Down,24669,0.693613729,20,6,2347,544,Up,0.434627728,-1.882616745,0.451008917,0.36188257
MA0912.2,HOXD3,0.13,21,1.1,4584,2,Down,30181,0.027451645,20,9,2347,1621,Down,0.027915235,-0.821710313,-0.575828357,-1.554158709
MA0742.1,Klf12,0.03,4,0.2,116,0,Up,27170,0.224095449,20,4,2347,97,Up,0.008927922,-3.388603066,2.401952126,2.049249605
MA0837.1,CEBPE,0.15,15,0.8,3678,1.6,Down,31252.5,0.01055495,20,10,2347,1710,Down,0.039432553,-0.710970818,-0.508527528,-1.404145105
MA0750.2,ZBTB7A,0.04,1,0.1,600,0.3,Down,27195.5,0.220918864,20,1,2347,485,Down,0.097926991,-3.023085731,-1.499007547,-1.00909759
MA0853.1,Alx4,0.08,0,0,1003,0.4,Down,28340,0.109568174,20,0,2347,487,Down,0.021483905,-3.812601519,-3.089900971,-1.66788678
MA1464.1,ARNT2,0.02,5,0.3,222,0.1,Up,25336,0.539802235,20,3,2347,169,Up,0.173525094,-3.170982531,1.241570897,0.760637713
MA0632.2,TCFL5,0.04,0,0,638,0.3,Down,27880,0.14733904,20,0,2347,441,Down,0.036996774,-3.88409591,-2.94691219,-1.431836148
MA0754.1,CUX1,0.11,15,0.8,3899,1.7,Down,31728,0.006661012,20,9,2347,1714,Down,0.009373965,-0.781480872,-0.656287238,-2.028076658
MA1601.1,ZNF75D,0.07,23,1.2,1846,0.8,Up,28701,0.08565973,20,14,2347,1244,Up,0.176482182,-0.707564969,0.415987918,0.753299134
MA0697.1,ZIC3,0.1,1,0.1,92,0,Up,23752,0.926176211,20,1,2347,89,Up,0.540897368,-4.242841585,0.940504161,0.266885132
MA1561.1,SOX12,0.15,13,0.7,1595,0.7,Down,26291.5,0.353894892,20,6,2347,1144,Down,0.116692416,-1.346759991,-0.620704591,-0.932957368
MA0622.1,Mlxip,0,2,0.1,102,0,Up,24815,0.658542047,20,2,2347,100,Up,0.212115399,-3.790740831,1.510233842,0.673427801
MA0844.1,XBP1,0.03,1,0.1,10,0,Up,24543.5,0.724298246,20,1,2347,10,Up,0.089296724,-5.788590762,4.032002516,1.049164471
MA1121.1,TEAD2,0.12,19,1,3043,1.3,Down,28127,0.125979201,20,12,2347,1653,Down,0.328691257,-0.609648964,-0.208093702,-0.483211848
MA1555.1,RXRB(var.2),0.14,4,0.2,169,0.1,Up,26578,0.307161435,20,4,2347,156,Up,0.041572868,-3.047258799,1.719263592,1.381190013
MA0074.1,RXRA::VDR,0.07,0,0,7,0,Down,23540,0.981650339,20,0,2347,7,Down,1,-6.823785426,2.932466842,1.25E-12
MA0084.1,SRY,0.03,5,0.3,1375,0.6,Down,29043,0.067082339,20,3,2347,948,Down,0.021595137,-1.928801281,-1.242791603,-1.66564404
MA0874.1,Arx,0.09,0,0,977,0.4,Down,28050,0.132362203,20,0,2347,458,Down,0.021039807,-3.856841762,-3.001420486,-1.676958252
MA0819.1,CLOCK,0.05,6,0.3,385,0.2,Up,25767,0.450413491,20,4,2347,237,Up,0.138717407,-2.746376371,1.117498736,0.857869037
MA1649.1,ZBTB12,0.14,29,1.5,3714,1.6,Down,23916.5,0.883363598,20,18,2347,1844,Up,0.280428862,-0.247997004,0.19979673,0.55217729
MA1125.1,ZNF384,0.06,89,4.5,21991,9.4,Down,33167.5,0.001441001,20,9,2347,1941,Down,1.64E-04,-0.691788971,-0.835671041,-3.786209689
MA1581.1,ZBTB6,0.11,18,0.9,1483,0.6,Up,27613,0.173429478,20,13,2347,1093,Up,0.117256729,-0.85241822,0.499507435,0.930862225
MA0761.2,ETV1,0.05,6,0.3,388,0.2,Up,25854.5,0.433347789,20,5,2347,360,Up,0.21861093,-2.30058719,0.804933607,0.660328129
MA0716.1,PRRX1,0.01,16,0.8,3987,1.7,Down,29987,0.032250475,20,8,2347,1414,Down,0.07084649,-1.000461072,-0.539256182,-1.149681665
MA0869.1,Sox11,0.15,0,0,13,0,Down,23600,0.965929414,20,0,2347,13,Down,1,-6.399786972,2.084469936,1.813E-12
MA1571.1,TGIF2LX,0.09,1,0.1,31,0,Up,24390.5,0.762309874,20,1,2347,25,Up,0.198923881,-5.148536802,2.751894597,0.701313075
MA1126.1,FOS::JUN(var.2),0.15,4,0.2,773,0.3,Down,26601,0.303595552,20,2,2347,566,Down,0.190151121,-2.543300603,-0.984646613,-0.720901109
MA0883.1,Dmbx1,0.01,1,0.1,1,0,Up,24633.5,0.702245174,20,1,2347,1,Up,0.016831175,-7.192268223,6.839357438,1.773885563
MA0713.1,PHOX2A,0.12,2,0.1,1840,0.8,Down,32785,0.002208705,20,1,2347,1071,Down,1.33E-04,-2.452041406,-2.641096196,-3.874618078
MA0139.1,CTCF,0.15,14,0.7,966,0.4,Up,29063,0.0661076,20,11,2347,734,Up,0.029357766,-1.255140405,0.842300713,1.532276993
MA1136.1,FOSB::JUNB(var.2),0.15,3,0.2,375,0.2,Down,24216,0.806368626,20,1,2347,201,Down,1,-3.657431459,-0.23031609,-9.95E-13
MA1509.1,IRF6,0.15,2,0.1,661,0.3,Down,26965,0.250822866,20,2,2347,576,Down,0.190003382,-2.530678277,-1.009891265,-0.721238668
MA1479.1,DMRTC2,0.08,1,0.1,317,0.1,Down,25285.5,0.550828378,20,1,2347,298,Down,0.500087846,-3.373955913,-0.797267183,-0.3009537
MA0492.1,JUND(var.2),0.02,1,0.1,26,0,Up,24402.5,0.759306387,20,1,2347,24,Up,0.192024001,-5.177394551,2.809610095,0.716644486
MA1636.1,CEBPG(var.2),0.11,0,0,299,0.1,Down,26210,0.367969947,20,0,2347,274,Down,0.156699848,-4.226899554,-2.261304901,-0.804931424
MA0677.1,Nr2f6,0.14,1,0.1,61,0,Up,24062,0.84577376,20,1,2347,58,Up,0.397641861,-4.549567113,1.553955219,0.400507902
MA0767.1,GCM2,0.05,7,0.4,199,0.1,Up,29746.5,0.039181929,20,7,2347,191,Up,7.79E-04,-2.533185135,2.165047452,3.108374734
MA0471.2,E2F6,0.1,29,1.5,2165,0.9,Up,27029,0.24224996,20,15,2347,1291,Up,0.111783354,-0.632716604,0.45872182,0.951622865
MA0051.1,IRF2,0.1,0,0,181,0.1,Down,25190,0.571977985,20,0,2347,172,Down,0.393299916,-4.562004448,-1.591095114,-0.405276146
MA0468.1,DUX4,0.15,5,0.3,1742,0.7,Down,29667.5,0.041718826,20,5,2347,1100,Down,0.069867736,-1.495543199,-0.805154373,-1.15572333
MA1588.1,ZNF136,0.08,0,0,7,0,Down,23540,0.981650339,20,0,2347,7,Down,1,-6.823785426,2.932466842,1.25E-12
MA1481.1,DRGX,0.01,2,0.1,1592,0.7,Down,30488,0.021115887,20,2,2347,893,Down,0.00950353,-2.214604717,-1.642038386,-2.022115057
MA1533.1,NR1I2,0.13,0,0,148,0.1,Down,24890,0.640807735,20,0,2347,142,Down,0.628370267,-4.699821669,-1.315460671,-0.201784373
MA0111.1,Spz1,0.13,6,0.3,394,0.2,Up,26863,0.264919489,20,6,2347,354,Up,0.106695393,-2.192189956,1.070155339,0.971854332
MA1133.1,JUN::JUNB(var.2),0.08,2,0.1,188,0.1,Up,23588.5,0.968941754,20,1,2347,107,Up,0.608543628,-4.110653048,0.676127089,0.215708281
MA0865.1,E2F8,0.15,1,0.1,108,0,Up,23582.5,0.970513588,20,1,2347,106,Up,0.605048482,-4.117394663,0.689610318,0.218209825
MA0772.1,IRF7,0.15,7,0.4,1125,0.5,Down,25794,0.445107289,20,5,2347,840,Down,0.359336246,-1.68996291,-0.416314953,-0.444498974
MA0595.1,SREBF1,0.05,6,0.3,320,0.1,Up,27507,0.184694633,20,6,2347,292,Up,0.03154452,-2.330864457,1.347504342,1.501076078
MA0671.1,NFIX,0.02,49,2.5,6034,2.6,Down,24677,0.691674043,20,18,2347,2149,Down,0.683770244,-0.137611343,-0.020974591,-0.165089803
MA1630.1,Znf281,0.04,11,0.6,560,0.2,Up,29401,0.051325273,20,9,2347,476,Up,0.011392876,-1.705100765,1.190952547,1.943366628
MA1604.1,Ebf2,0.1,18,0.9,1228,0.5,Up,28623,0.090432158,20,11,2347,778,Up,0.054246722,-1.213173131,0.758366165,1.265626504
MA1631.1,ASCL1(var.2),0.14,68,3.4,5687,2.4,Up,29557.5,0.045481763,20,19,2347,2001,Up,0.342820339,-0.151096664,0.157893756,0.46493342
MA0060.3,NFYA,0.14,18,0.9,3198,1.4,Down,28375.5,0.107005177,20,10,2347,1642,Down,0.082874436,-0.740233185,-0.450002795,-1.081579414
MA1522.1,MAZ,0.03,42,2.1,3329,1.4,Up,30204.5,0.026914451,20,17,2347,1503,Up,0.060600578,-0.435534639,0.414531302,1.217523233
MA0863.1,MTF1,0.14,1,0.1,24,0,Up,24413,0.756681308,20,1,2347,23,Up,0.185067686,-5.207455047,2.869731087,0.732669406
MA0141.3,ESRRB,0.05,3,0.2,209,0.1,Up,24994,0.616553376,20,3,2347,198,Up,0.238074682,-3.057055664,1.013717163,0.623286786
MA1502.1,HOXB8,0.05,29,1.5,5771,2.5,Down,29405,0.051168443,20,13,2347,1822,Down,0.182262097,-0.483935423,-0.237458159,-0.739303638
MA0105.4,NFKB1,0.09,1,0.1,24,0,Up,24470.5,0.742356352,20,1,2347,17,Up,0.142119965,-5.420107965,3.295036922,0.847344909
MA0740.1,KLF14,0.06,7,0.4,292,0.1,Up,29039,0.0672787,20,7,2347,253,Up,0.00390934,-2.330864457,1.760406097,2.407896605
MA0480.1,Foxo1,0.08,10,0.5,1623,0.7,Down,26417,0.332896307,20,7,2347,1149,Down,0.263747101,-1.24039005,-0.420542717,-0.578812306
MA0680.1,PAX7,0.14,0,0,532,0.2,Down,27160,0.225350041,20,0,2347,369,Down,0.05934144,-4.012515447,-2.690073116,-1.226641922
MA0606.1,NFAT5,0.04,6,0.3,2042,0.9,Down,31820,0.006077665,20,4,2347,1318,Down,0.001281138,-1.509927295,-1.355399416,-2.892404046
MA1498.1,HOXA7,0.07,60,3,10838,4.6,Down,29859,0.035796164,20,17,2347,2148,Down,0.240390357,-0.178032184,-0.100473607,-0.619082957
MA1535.1,NR2C1,0.01,43,2.2,2965,1.3,Up,31085,0.012347216,20,16,2347,1619,Up,0.341287497,-0.424367288,0.222418804,0.466879622
MA0734.2,GLI2,0.12,0,0,165,0.1,Down,25070,0.599088053,20,0,2347,160,Down,0.393906459,-4.61401598,-1.487072049,-0.404606898
MA1511.1,KLF10,0.12,57,2.9,4949,2.1,Up,27929.5,0.142850266,20,19,2347,1814,Up,0.061796929,-0.221851443,0.299403315,1.20903311
MA1516.1,KLF3,0.02,4,0.2,151,0.1,Up,26836,0.268740611,20,4,2347,130,Up,0.02342389,-3.178315225,1.981376443,1.630340974
MA0818.1,BHLHE22,0.06,0,0,550,0.2,Down,26480,0.322664885,20,0,2347,301,Down,0.098062853,-4.159223628,-2.396656754,-1.008495477
MA0591.1,Bach1::Mafk,0.14,4,0.2,233,0.1,Up,25974,0.410655924,20,4,2347,216,Up,0.107886229,-2.813156615,1.251059225,0.967033988
MA1645.1,NKX2-2,0.13,28,1.4,2076,0.9,Up,29797.5,0.037614756,20,15,2347,1367,Up,0.171982204,-0.59147001,0.376228631,0.764516489
MA1654.1,ZNF16,0.05,0,0,1,0,Down,23480,0.997378393,20,0,2347,1,Down,1,-7.984749473,5.254394937,1.214E-12
MA0117.2,Mafb,0.11,58,2.9,5014,2.1,Up,29873.5,0.035378485,20,20,2347,2043,Up,0.097658664,-0.100041457,0.200082915,1.01028922
MA1493.1,HES6,0.08,2,0.1,68,0,Up,25146,0.5818505,20,2,2347,67,Up,0.113659078,-4.077858878,2.084469936,0.944395871
MA1622.1,Smad2::Smad3,0.03,6,0.3,616,0.3,Up,25008,0.613319325,20,6,2347,526,Up,0.421821708,-1.906866004,0.499507435,0.374871075
MA1619.1,Ptf1a(var.2),0.02,26,1.3,1208,0.5,Up,31263,0.010450725,20,11,2347,523,Up,0.001563158,-1.499426882,1.330873667,2.805997165
MA1521.1,MAFA,0.13,1,0.1,142,0.1,Down,23708.5,0.937538507,20,1,2347,91,Up,0.548928748,-4.226899554,0.9086201,0.260484024
MA1618.1,Ptf1a,0.13,59,3,4231,1.8,Up,30648.5,0.018341965,20,17,2347,1769,Up,0.437393537,-0.318026192,0.179514408,0.359127638
MA0493.1,Klf1,0.09,30,1.5,1947,0.8,Up,31993.5,0.005101268,20,16,2347,1212,Up,0.012619723,-0.633149148,0.639982525,1.898950189
MA0517.1,STAT1::STAT2,0.13,6,0.3,1255,0.5,Down,26416,0.333060381,20,6,2347,918,Down,0.494268738,-1.505442909,-0.303338755,-0.306036857
MA0832.1,Tcf21,0.15,11,0.6,465,0.2,Up,28406.5,0.104806129,20,7,2347,323,Up,0.014611621,-2.154974475,1.408626132,1.835301605
MA0122.3,Nkx3-2,0.03,7,0.4,618,0.3,Up,26226.5,0.365092608,20,7,2347,515,Up,0.175498755,-1.818871117,0.736419416,0.755725959
MA0729.1,RARA,0.1,0,0,1,0,Down,23480,0.997378393,20,0,2347,1,Down,1,-7.984749473,5.254394937,1.214E-12
MA0790.1,POU4F1,0.1,4,0.2,290,0.1,Up,25716,0.460533427,20,4,2347,236,Up,0.137168695,-2.749420036,1.123586066,0.862744995
MA0747.1,SP8,0.01,3,0.2,37,0,Up,26637.5,0.297993332,20,3,2347,35,Up,0.003605712,-4.298679703,3.49696524,2.443008933
MA0739.1,Hic1,0.06,32,1.6,2998,1.3,Up,28530,0.096399454,20,18,2347,1637,Up,0.051456056,-0.333864445,0.371531612,1.288563507
MA1130.1,FOSL2::JUN,0.04,1,0.1,391,0.2,Down,25911,0.422529839,20,1,2347,360,Down,0.34487134,-3.237821749,-1.069535511,-0.462342896
MA0908.1,HOXD11,0.15,26,1.3,4564,1.9,Down,28472,0.100277796,20,11,2347,1816,Down,0.028395033,-0.60197692,-0.464026256,-1.546757623
MA0801.1,MGA,0.07,11,0.6,1032,0.4,Up,25790,0.445891137,20,9,2347,826,Up,0.357339836,-1.307831462,0.396413942,0.446918566
MA0802.1,TBR1,0.01,1,0.1,27,0,Up,24373.5,0.76657094,20,1,2347,27,Up,0.212556071,-5.094069616,2.642960225,0.672526487
MA0684.2,RUNX3,0.02,0,0,393,0.2,Down,27000,0.246108676,20,0,2347,353,Down,0.059807142,-4.044447521,-2.626208967,-1.223246954
MA1475.1,CREB3L4(var.2),0.13,7,0.4,734,0.3,Up,24421,0.754683129,20,4,2347,364,Up,0.537174857,-2.437380721,0.499507435,0.269884323
MA1589.1,ZNF140,0.08,0,0,1,0,Down,23480,0.997378393,20,0,2347,1,Down,1,-7.984749473,5.254394937,1.214E-12
MA0753.2,ZNF740,0.09,18,0.9,1823,0.8,Up,26843,0.267746335,20,7,2347,468,Up,0.098203705,-1.887832807,0.874342796,1.007872128
MA0848.1,FOXO4,0.15,44,2.2,9205,3.9,Down,32572,0.002783877,20,16,2347,2213,Down,0.025809399,-0.198976835,-0.228362101,-1.5882221
MA1138.1,FOSL2::JUNB,0.14,34,1.7,4971,2.1,Down,25420.5,0.521603079,20,13,2347,1750,Down,0.312344293,-0.513011299,-0.179306406,-0.505366424
MA0721.1,UNCX,0.01,9,0.5,3036,1.3,Down,30297.5,0.024876615,20,4,2347,1126,Down,0.013134638,-1.623452424,-1.128349159,-1.881581878
MA0150.2,Nfe2l2,0.15,5,0.3,550,0.2,Up,24387.5,0.763061308,20,5,2347,479,Up,0.58129898,-2.094821412,0.393402052,0.235600439
MA0068.2,PAX4,0.06,13,0.7,3966,1.7,Down,31001,0.013343682,20,7,2347,1422,Down,0.03586311,-1.086678957,-0.727964904,-1.445352056
MA0161.2,NFIC,0.14,44,2.2,4450,1.9,Up,24793.5,0.663662077,20,20,2347,1954,Up,0.061866527,-0.132162787,0.264325573,1.208544264
MA0816.1,Ascl2,0.06,23,1.2,1487,0.6,Up,29562.5,0.045304716,20,11,2347,730,Up,0.028616761,-1.259079514,0.850178931,1.543379525
MA0745.2,SNAI2,0.01,4,0.2,177,0.1,Up,26502,0.319140844,20,4,2347,164,Up,0.048442373,-3.011296336,1.647338666,1.314774591
MA1147.1,NR4A2::RXRA,0.13,0,0,236,0.1,Down,25750,0.453772733,20,0,2347,228,Down,0.249974784,-4.359205546,-1.996692917,-0.602103799
MA1629.1,Zic2,0.13,20,1,1628,0.7,Up,29202,0.059650968,20,15,2347,1075,Up,0.0117936,-0.764736664,0.722761939,1.928353618
MA0815.1,TFAP2C(var.3),0.08,19,1,895,0.4,Up,31550,0.007934425,20,11,2347,446,Up,3.84E-04,-1.614191563,1.560403029,3.415515321
MA1487.1,FOXE1,0.07,0,0,404,0.2,Down,26980,0.248794837,20,0,2347,351,Down,0.059989195,-4.048540284,-2.618023441,-1.221926969
MA0847.2,FOXD2,0.14,17,0.9,3956,1.7,Down,30913,0.014463206,20,9,2347,1581,Down,0.052353618,-0.839728047,-0.539792889,-1.281053302
MA0056.2,MZF1,0.01,6,0.3,396,0.2,Up,26805,0.27317429,20,6,2347,361,Up,0.109903912,-2.178084946,1.041945319,0.95898685
MA0872.1,TFAP2A(var.3),0.07,17,0.9,821,0.3,Up,30799,0.016036169,20,10,2347,391,Up,6.45E-04,-1.774637764,1.618806363,3.190553775
MA1152.1,SOX15,0.06,43,2.2,7868,3.4,Down,30054.5,0.030504989,20,15,2347,2133,Down,0.031636634,-0.270629371,-0.265452647,-1.499809726
MA0646.1,GCM1,0.12,8,0.4,589,0.3,Up,27486,0.18698928,20,8,2347,508,Up,0.057541929,-1.738447321,0.936716315,1.240015582
MA0017.2,NR2F1,0.06,17,0.9,1057,0.5,Up,30932.5,0.014208225,20,14,2347,806,Up,0.001491378,-1.020474864,1.04180771,2.826412176
MA0906.1,HOXC12,0.04,1,0.1,13,0,Up,24513.5,0.73170149,20,1,2347,13,Up,0.112302866,-5.607305722,3.669432436,0.949609159
MA0811.1,TFAP2B,0.09,63,3.2,5029,2.1,Up,31064,0.012589948,20,18,2347,1697,Up,0.083331551,-0.307906111,0.319614944,1.079190534
MA1467.1,ATOH1(var.2),0.11,23,1.2,1136,0.5,Up,31263.5,0.010445785,20,12,2347,705,Up,0.00613107,-1.224051492,1.020711355,2.212463708
MA0693.2,VDR,0.13,71,3.6,10408,4.4,Down,28103,0.127942458,20,18,2347,2271,Down,0.139146973,-0.097789246,-0.100618787,-0.856526236
MA0033.2,FOXL1,0.05,10,0.5,2636,1.1,Down,29605,0.043823148,20,10,2347,1435,Down,0.359229554,-0.837403205,-0.255662755,-0.444627941
MA0864.2,E2F2,0.11,20,1,1465,0.6,Up,28608,0.09137401,20,11,2347,760,Up,0.051608282,-1.230047527,0.792114956,1.287280594
MA0062.3,GABPA,0.05,4,0.2,272,0.1,Up,25546,0.495168242,20,4,2347,260,Up,0.269351982,-2.679698442,0.984142877,0.569679825
MA1634.1,BATF,0.01,0,0,217,0.1,Down,25510,0.502677211,20,0,2347,204,Down,0.408664238,-4.439252207,-1.836599595,-0.388633365
MA0776.1,MYBL1,0.15,1,0.1,604,0.3,Down,26333.5,0.346776149,20,1,2347,395,Down,0.23024875,-3.170982531,-1.203213946,-0.63780272
MA0615.1,Gmeb1,0.06,3,0.2,963,0.4,Down,25934.5,0.41807734,20,2,2347,464,Down,0.399534358,-2.686499283,-0.698249254,-0.398445867
MA0805.1,TBX1,0.09,9,0.5,832,0.4,Up,25743.5,0.455060874,20,8,2347,700,Up,0.33181953,-1.507378683,0.474579039,0.479098057
MA0703.2,LMX1B,0.15,8,0.4,2494,1.1,Down,28696.5,0.085929415,20,3,2347,876,Down,0.059849555,-1.985748122,-1.128897921,-1.222939076
MA0490.2,JUNB,0.05,0,0,171,0.1,Down,25100,0.592256113,20,0,2347,163,Down,0.393381081,-4.600657311,-1.513789388,-0.40518653
MA1519.1,LHX5,0.02,8,0.4,2432,1,Down,28482.5,0.099566607,20,3,2347,854,Down,0.059935993,-2.004084922,-1.092224322,-1.222312298
MA0605.2,ATF3,0.12,0,0,218,0.1,Down,24610,0.707980229,20,0,2347,114,Down,0.621264147,-4.85762883,-0.99984635,-0.206723709
MA1646.1,OSR2,0.1,21,1.1,2239,1,Up,26700.5,0.288487181,20,17,2347,1435,Up,0.035948365,-0.468920408,0.48130284,1.444320857
MA0108.2,TBP,0.05,6,0.3,2268,1,Down,32687.5,0.002456928,20,2,2347,1230,Down,1.35E-04,-1.983752205,-2.10374341,-3.869252356
MA0909.2,HOXD13,0.11,3,0.2,760,0.3,Down,27294.5,0.208892392,20,2,2347,638,Down,0.125954773,-2.456995271,-1.157257277,-0.899785372
MA0887.1,EVX1,0.06,45,2.3,10223,4.4,Down,32231.5,0.003992317,20,13,2347,2050,Down,0.009386718,-0.398906958,-0.407515088,-2.027486229
MA0058.3,MAX,0.01,12,0.6,1020,0.4,Up,25640,0.475847347,20,7,2347,588,Up,0.305884679,-1.723336123,0.545349428,0.514442275
MA0100.3,MYB,0.01,20,1,2003,0.9,Up,26696.5,0.289084599,20,15,2347,1323,Up,0.114277764,-0.615061329,0.423411269,0.942038267
MA0890.1,GBX2,0.05,16,0.8,4082,1.7,Down,30203.5,0.026937124,20,8,2347,1431,Down,0.06640167,-0.991843325,-0.556491676,-1.177820998
MA0823.1,HEY1,0.01,1,0.1,36,0,Up,24360,0.769959771,20,1,2347,28,Up,0.219289238,-5.068304466,2.591429924,0.658982681
MA0507.1,POU2F2,0.15,8,0.4,2125,0.9,Down,29915,0.034205972,20,6,2347,1296,Down,0.039448243,-1.256807619,-0.800609335,-1.403972334
MA0652.1,IRF8,0.06,0,0,3,0,Down,23500,0.992135294,20,0,2347,3,Down,1,-7.373553263,4.032002516,9.65E-13
MA1529.1,NHLH2,0.11,0,0,134,0.1,Down,24590,0.712874223,20,0,2347,112,Down,0.621556786,-4.870340128,-0.974423753,-0.206519188
MA1101.2,BACH2,0.07,1,0.1,46,0,Up,24336.5,0.775869304,20,1,2347,30,Up,0.232591841,-5.019380804,2.493582601,0.633405523
MA0725.1,VSX1,0.07,10,0.5,3543,1.5,Down,31272,0.010362119,20,5,2347,1290,Down,0.011174754,-1.380657701,-1.03492537,-1.951762046
MA0620.3,MITF,0.15,26,1.3,1812,0.8,Up,27212,0.218880705,20,9,2347,731,Up,0.224774021,-1.39590994,0.572570897,0.648253885
MA0770.1,HSF2,0.12,6,0.3,234,0.1,Up,27382,0.198664138,20,5,2347,198,Up,0.023557822,-2.731017316,1.665793859,1.627864859
MA0879.1,Dlx1,0.02,8,0.4,2485,1.1,Down,28747,0.082942007,20,3,2347,883,Down,0.038127084,-1.9800101,-1.140373965,-1.418766413
MA0851.1,Foxj3,0.05,0,0,307,0.1,Down,26290,0.354150829,20,0,2347,282,Down,0.158076365,-4.206177195,-2.302749619,-0.801133059
MA1647.1,PRDM4,0.01,12,0.6,976,0.4,Up,27323,0.20551983,20,10,2347,787,Up,0.152674822,-1.270503956,0.610538747,0.816232578
MA0644.1,ESX1,0.02,16,0.8,3988,1.7,Down,29990,0.032171118,20,8,2347,1414,Down,0.07084649,-1.000461072,-0.539256182,-1.149681665
MA0596.1,SREBF2,0.09,11,0.6,885,0.4,Up,28332,0.110152398,20,11,2347,726,Up,0.027915235,-1.263040252,0.858100406,1.554158709
MA0642.1,EN2,0.05,16,0.8,3988,1.7,Down,29990,0.032171118,20,8,2347,1414,Down,0.07084649,-1.000461072,-0.539256182,-1.149681665
MA0668.1,NEUROD2,0.1,4,0.2,1366,0.6,Down,26919,0.257113995,20,2,2347,570,Down,0.189987391,-2.538225138,-0.994797543,-0.721275222
MA0743.2,SCRT1,0.12,4,0.2,625,0.3,Down,26160.5,0.376686365,20,2,2347,525,Down,0.279486394,-2.597493199,-0.876261421,-0.55363933
MA0726.1,VSX2,0.08,8,0.4,2791,1.2,Down,30126.5,0.028733193,20,3,2347,1031,Down,0.011066556,-1.86828921,-1.363815746,-1.955987529
MA1653.1,ZNF148,0.14,51,2.6,4435,1.9,Up,29559,0.045428588,20,19,2347,1710,Up,0.022476628,-0.26442842,0.384557268,1.648268851
MA1578.1,VEZF1,0.08,117,5.9,10796,4.6,Up,29613,0.04354889,20,20,2347,1982,Up,0.059294197,-0.121902146,0.243804292,1.226987809
MA0442.2,SOX10,0.01,6,0.3,1070,0.5,Down,26029.5,0.400361637,20,5,2347,834,Down,0.481730002,-1.695130795,-0.405979183,-0.317196305
MA1545.1,OVOL2,0.15,12,0.6,1609,0.7,Down,23793.5,0.915350302,20,11,2347,1110,Up,0.509459803,-0.956952907,0.245925716,0.292890077
MA1539.1,NR2F6(var.3),0.09,0,0,4,0,Down,23500,0.992135294,20,0,2347,3,Down,1,-7.373553263,4.032002516,9.65E-13
MA0145.3,TFCP2,0.1,4,0.2,216,0.1,Up,26204,0.369019743,20,4,2347,192,Up,0.077316408,-2.897910905,1.420567804,1.111728328
MA0623.2,NEUROG1,0.11,4,0.2,1366,0.6,Down,26919,0.257113995,20,2,2347,570,Down,0.189987391,-2.538225138,-0.994797543,-0.721275222
MA0870.1,Sox1,0.1,0,0,13,0,Down,23600,0.965929414,20,0,2347,13,Down,1,-6.399786972,2.084469936,1.813E-12
MA0891.1,GSC2,0.15,113,5.7,26470,11.3,Down,34261.5,3.91E-04,20,18,2347,2294,Down,0.077136865,-0.090521995,-0.115153288,-1.112738017
MA0146.2,Zfx,0.04,32,1.6,2628,1.1,Up,30043,0.030796504,20,17,2347,1370,Up,0.020403314,-0.502345909,0.548153842,1.690299285
MA1592.1,ZNF274,0.14,7,0.4,513,0.2,Up,26955,0.252181279,20,7,2347,453,Up,0.088461031,-1.911306056,0.921289293,1.053248002
MA1643.1,NFIB,0.08,1,0.1,28,0,Up,24460,0.744965729,20,1,2347,18,Up,0.149424179,-5.38002279,3.214866573,0.82557912
MA0857.1,Rarb,0.15,1,0.1,13,0,Up,24523,0.729354388,20,1,2347,12,Up,0.104696207,-5.662821378,3.780463749,0.980069052
MA1141.1,FOS::JUND,0.11,7,0.4,710,0.3,Up,25377.5,0.530824604,20,7,2347,595,Up,0.310855048,-1.714806577,0.528290336,0.507442076
MA0687.1,SPIC,0.09,5,0.3,304,0.1,Up,26430,0.330768091,20,5,2347,287,Up,0.090005511,-2.463805841,1.131370911,1.045730897
MA1124.1,ZNF24,0.11,0,0,161,0.1,Down,24670,0.693371158,20,0,2347,120,Down,0.621103978,-4.820786055,-1.073531898,-0.206835689
MA0876.1,BSX,0.15,143,7.2,31763,13.5,Down,33950,5.74E-04,20,19,2347,2315,Down,0.245678929,-0.045975593,-0.052348385,-0.609632089
MA0136.2,ELF5,0.1,110,5.5,12774,5.4,Up,24301,0.784821028,20,19,2347,2325,Down,0.178054499,-0.042867002,-0.058565568,-0.749447048
MA0777.1,MYBL2,0.15,1,0.1,128,0.1,Down,23822.5,0.907794398,20,1,2347,80,Up,0.503044865,-4.319291034,1.093403061,0.29839328
MA0799.1,RFX4,0.07,2,0.1,57,0,Up,24336.5,0.775869304,20,1,2347,31,Up,0.239162116,-4.996109511,2.447040015,0.621307612
MA1547.1,PITX2,0.13,20,1,3615,1.5,Down,28060,0.131519359,20,11,2347,1680,Down,0.132928102,-0.658112332,-0.351755433,-0.876383195
MA0515.1,Sox6,0.07,12,0.6,2352,1,Down,29893.5,0.034809205,20,6,2347,1443,Down,0.00522838,-1.179333168,-0.955558236,-2.281632855
MA0888.1,EVX2,0.06,44,2.2,10113,4.3,Down,32196,0.004142469,20,13,2347,2045,Down,0.010260152,-0.400668062,-0.403992882,-1.988846226
MA1607.1,Foxl2,0.15,11,0.6,2530,1.1,Down,28803.5,0.0797,20,9,2347,1406,Down,0.25138761,-0.924320048,-0.370608886,-0.599656131
MA0131.2,HINFP,0.05,1,0.1,477,0.2,Down,26368,0.3409973,20,1,2347,404,Down,0.230729485,-3.154751527,-1.235675954,-0.636896903
MA1478.1,DMRTA2,0.06,20,1,2436,1,Down,24462,0.744468478,20,14,2347,1411,Up,0.492837126,-0.616733519,0.23432502,0.307296584
MA1494.1,HNF4A(var.2),0.01,0,0,1,0,Down,23480,0.997378393,20,0,2347,1,Down,1,-7.984749473,5.254394937,1.214E-12
MA0502.2,NFYB,0,2,0.1,2,0,Up,25797,0.444519919,20,2,2347,2,Up,4.03E-04,-6.455302629,6.839357438,3.394695876
MA1594.1,ZNF382,0.12,0,0,1,0,Down,23480,0.997378393,20,0,2347,1,Down,1,-7.984749473,5.254394937,1.214E-12
MA0518.1,Stat4,0.13,47,2.4,5939,2.5,Down,23575.5,0.972347539,20,20,2347,2038,Up,0.097195684,-0.101808601,0.203617201,1.012353022
MA0098.3,ETS1,0.09,1,0.1,1021,0.4,Down,29880.5,0.03517834,20,1,2347,748,Down,0.007075643,-2.71082022,-2.123538567,-2.150234068
MA0482.2,GATA4,0.14,18,0.9,2950,1.3,Down,28094.5,0.128643455,20,8,2347,1553,Down,0.017843698,-0.93284604,-0.674486247,-1.748515137
MA1580.1,ZBTB32,0.15,8,0.4,1696,0.7,Down,27671,0.167487032,20,7,2347,1153,Down,0.263044119,-1.237884281,-0.425554255,-0.579971403
MA0508.3,PRDM1,0.12,12,0.6,2887,1.2,Down,31108,0.01208613,20,8,2347,1609,Down,0.013018851,-0.907300872,-0.725576582,-1.885427346
MA0073.1,RREB1,0.15,8,0.4,275,0.1,Up,27082.5,0.235243395,20,5,2347,244,Up,0.051215419,-2.580669587,1.365098402,1.290599274
MA0854.1,Alx1,0.1,6,0.3,2171,0.9,Down,29138,0.062555723,20,2,2347,821,Down,0.017950954,-2.275208294,-1.520831232,-1.745912468
MA0003.4,TFAP2A,0.06,20,1,1282,0.5,Up,30496,0.020969424,20,14,2347,963,Up,0.01123352,-0.892169798,0.785197577,1.949484153
MA1523.1,MSANTD3,0.03,19,1,1004,0.4,Up,31331,0.009797636,20,13,2347,810,Up,0.007659675,-1.068452785,0.931576565,2.115789672
MA1597.1,ZNF528,0.13,0,0,13,0,Down,23600,0.965929414,20,0,2347,13,Down,1,-6.399786972,2.084469936,1.813E-12
MA1128.1,FOSL1::JUN,0.13,29,1.5,3272,1.4,Up,25536.5,0.497143938,20,14,2347,1397,Up,0.372126692,-0.623923942,0.248705865,0.429309177
MA0663.1,MLX,0.08,7,0.4,225,0.1,Up,25724.5,0.458837992,20,3,2347,131,Up,0.099986996,-3.354093768,1.607793371,1.00005648
MA0151.1,Arid3a,0.11,115,5.8,26001,11.1,Down,34089,4.85E-04,20,18,2347,2310,Down,0.041700922,-0.085509354,-0.125178571,-1.379854344
MA0704.1,Lhx4,0.09,46,2.3,10226,4.4,Down,31878,0.005733972,20,13,2347,2060,Down,0.007809812,-0.395397598,-0.414533808,-2.107359434
MA1540.1,NR5A1,0.08,38,1.9,3229,1.4,Up,29693.5,0.040868966,20,18,2347,1677,Up,0.080924484,-0.316455515,0.336713752,1.091920061
MA0512.2,Rxra,0.11,0,0,13,0,Down,23600,0.965929414,20,0,2347,13,Down,1,-6.399786972,2.084469936,1.813E-12
MA0850.1,FOXP3,0.11,37,1.9,6995,3,Down,30067.5,0.030178307,20,16,2347,2117,Down,0.128041188,-0.230960537,-0.164394697,-0.892650306
MA0709.1,Msx3,0.05,16,0.8,3988,1.7,Down,29990,0.032171118,20,8,2347,1414,Down,0.07084649,-1.000461072,-0.539256182,-1.149681665
MA0157.2,FOXO3,0.14,12,0.6,2297,1,Down,27217,0.218265756,20,10,2347,1367,Down,0.499347854,-0.872409453,-0.185650257,-0.301596812
MA0102.4,CEBPA,0.1,1,0.1,487,0.2,Down,26604.5,0.303055339,20,1,2347,428,Down,0.153151909,-3.113173776,-1.318831455,-0.814877585
MA1638.1,HAND2,0.01,27,1.4,2634,1.1,Up,23868.5,0.895826535,20,12,2347,1547,Down,0.637518183,-0.657440782,-0.112510066,-0.195507424
MA0834.1,ATF7,0.03,0,0,13,0,Down,23560,0.976408937,20,0,2347,9,Down,1,-6.653266967,2.591429924,3.77E-13
MA0080.5,SPI1,0.12,5,0.3,373,0.2,Up,25822.5,0.439545165,20,5,2347,345,Up,0.202244735,-2.331243964,0.866247156,0.694122775
MA1648.1,TCF12(var.2),0.13,64,3.2,5851,2.5,Up,29684.5,0.041161473,20,19,2347,1999,Up,0.342948894,-0.151817831,0.159336091,0.464770594
MA1602.1,ZSCAN29,0.09,0,0,127,0.1,Down,24680,0.690947181,20,0,2347,121,Down,0.621177048,-4.814824472,-1.085455066,-0.206784599
MA0500.2,MYOG,0.01,24,1.2,1020,0.4,Up,30903,0.014595524,20,10,2347,443,Up,0.001748394,-1.684676865,1.438884566,2.757360761
MA1577.1,TLX2,0.01,16,0.8,3988,1.7,Down,29990,0.032171118,20,8,2347,1414,Down,0.07084649,-1.000461072,-0.539256182,-1.149681665
MA0619.1,LIN54,0.06,30,1.5,7137,3,Down,31929,0.005446349,20,13,2347,1928,Down,0.071445479,-0.443155257,-0.319018491,-1.146025246
MA0155.1,INSM1,0.14,52,2.6,4554,1.9,Up,29541.5,0.046052234,20,18,2347,1807,Up,0.281638746,-0.262614075,0.229030872,0.550307598
MA0817.1,BHLHE23,0.11,0,0,634,0.3,Down,26530,0.314692271,20,0,2347,306,Down,0.097442028,-4.147359092,-2.420385826,-1.011253685
MA0758.1,E2F7,0.12,0,0,7,0,Down,23540,0.981650339,20,0,2347,7,Down,1,-6.823785426,2.932466842,1.25E-12
MA1569.1,TFAP2E,0.08,132,6.6,12080,5.1,Up,28110.5,0.127326401,20,20,2347,1979,Up,0.059319491,-0.122994545,0.245989091,1.226802586
MA0635.1,BARHL2,0.1,56,2.8,9932,4.2,Down,30964.5,0.013798383,20,18,2347,2229,Down,0.269362172,-0.111251799,-0.073693681,-0.569663395
MA0828.1,SREBF2(var.2),0.09,4,0.2,148,0.1,Up,24961,0.624205912,20,2,2347,87,Up,0.171872537,-3.89066112,1.710074421,0.764793513
MA0649.1,HEY2,0.14,34,1.7,2345,1,Up,29074,0.065576487,20,14,2347,1044,Up,0.024792789,-0.833941837,0.668741656,1.605674613
MA0910.2,HOXD8,0.04,17,0.9,2699,1.1,Down,26715.5,0.28625428,20,10,2347,1464,Down,0.256989907,-0.822975773,-0.284517617,-0.590083933
MA0861.1,TP73,0.15,0,0,315,0.1,Down,25760,0.451795,20,0,2347,229,Down,0.250204506,-4.356055552,-2.002992905,-0.601704873
MA0866.1,SOX21,0.07,0,0,1,0,Down,23480,0.997378393,20,0,2347,1,Down,1,-7.984749473,5.254394937,1.214E-12
MA1472.1,BHLHA15(var.2),0.02,33,1.7,1946,0.8,Up,30185.5,0.027348068,20,12,2347,888,Up,0.061520192,-1.057688646,0.687985662,1.210982318
MA0810.1,TFAP2A(var.2),0.07,33,1.7,3332,1.4,Up,27820.5,0.152876415,20,17,2347,1429,Up,0.035786824,-0.471941763,0.48734555,1.446276837
MA1143.1,FOSL1::JUND(var.2),0.02,1,0.1,12,0,Up,24523.5,0.729230926,20,1,2347,12,Up,0.104696207,-5.662821378,3.780463749,0.980069052
MA0610.1,DMRT3,0.05,7,0.4,1239,0.5,Down,26387.5,0.337758433,20,5,2347,896,Down,0.256938386,-1.643435028,-0.509370716,-0.590171009
MA0613.1,FOXG1,0.04,5,0.3,1224,0.5,Down,27275,0.211222925,20,5,2347,907,Down,0.254156308,-1.634637998,-0.526964776,-0.594899106
MA0727.1,NR3C2,0.08,2,0.1,99,0,Up,24144,0.824737124,20,1,2347,50,Up,0.354295238,-4.655643732,1.766108456,0.450634684
MA0103.3,ZEB1,0.02,45,2.3,4204,1.8,Up,27264.5,0.212485587,20,15,2347,1853,Down,0.591368606,-0.372114368,-0.062482652,-0.228141734
MA0594.2,HOXA9,0.13,59,3,9224,3.9,Down,29050,0.066739843,20,16,2347,2254,Down,0.007744444,-0.185737767,-0.254840237,-2.11100976
MA0711.1,OTX1,0.14,37,1.9,6655,2.8,Down,30012.5,0.031581262,20,15,2347,2084,Down,0.066772095,-0.28738974,-0.231931908,-1.175404995
MA1515.1,KLF2,0.05,72,3.6,6966,3,Up,28364.5,0.107794216,20,19,2347,1890,Up,0.151706463,-0.192253547,0.240207523,0.818995916
MA0601.1,Arid3b,0.05,24,1.2,5523,2.4,Down,29441,0.049774951,20,11,2347,1652,Down,0.144193051,-0.670232467,-0.327515162,-0.84105567
MA1135.1,FOSB::JUNB,0.07,16,0.8,1722,0.7,Up,24968,0.622579218,20,8,2347,766,Up,0.480396982,-1.442428312,0.344678298,0.318399729
MA0510.2,RFX5,0.04,0,0,12,0,Down,23540,0.981650339,20,0,2347,7,Down,1,-6.823785426,2.932466842,1.25E-12
MA0831.2,TFE3,0.13,45,2.3,3345,1.4,Up,29498,0.047633743,20,17,2347,1460,Up,0.037687744,-0.456465894,0.456393812,1.423799853
MA0039.4,KLF4,0.15,125,6.3,11114,4.7,Up,29968,0.032756971,20,20,2347,2121,Up,0.249573276,-0.07302024,0.146040479,0.60280192
MA0700.2,LHX2,0.13,16,0.8,4060,1.7,Down,30239,0.026142256,20,8,2347,1441,Down,0.064310153,-0.986821742,-0.566534842,-1.191720455
MA1107.2,KLF9,0.15,70,3.5,5005,2.1,Up,28121,0.126467801,20,17,2347,1560,Up,0.096567419,-0.408692894,0.360847813,1.015169377
MA0884.1,DUXA,0.15,18,0.9,3294,1.4,Down,27921,0.143613511,20,10,2347,1588,Down,0.098688251,-0.764347325,-0.401774514,-1.00573455
MA0897.1,Hmx2,0.15,2,0.1,928,0.4,Down,28454,0.101506395,20,2,2347,715,Down,0.050959067,-2.374862698,-1.321522424,-1.29277853
MA1627.1,Wt1,0.05,0,0,490,0.2,Down,27500,0.185457189,20,0,2347,403,Down,0.035956282,-3.949018292,-2.817067425,-1.44422522
MA0914.1,ISL2,0.11,45,2.3,8087,3.4,Down,29877.5,0.035263998,20,15,2347,2117,Down,0.04133524,-0.276059441,-0.254592506,-1.383679533
MA0124.2,Nkx3-1,0.02,7,0.4,465,0.2,Up,27393.5,0.197347558,20,7,2347,413,Up,0.069188323,-1.977913666,1.054504514,1.159967193
MA0467.1,Crx,0.06,4,0.2,171,0.1,Up,25479,0.509191185,20,3,2347,157,Up,0.148695584,-3.223949253,1.347504342,0.827701928
MA0162.4,EGR1,0.14,76,3.8,8227,3.5,Up,28149.5,0.124160036,20,20,2347,1940,Up,0.035767715,-0.137348362,0.274696725,1.446508802
MA0494.1,Nr1h3::Rxra,0.15,8,0.4,371,0.2,Up,27378,0.199123581,20,6,2347,337,Up,0.057672791,-2.227639019,1.141053464,1.239029029
MA1520.1,MAF,0.12,1,0.1,74,0,Up,24065,0.845002089,20,1,2347,57,Up,0.392378793,-4.562004448,1.578829888,0.406294473
MA0712.2,OTX2,0.14,11,0.6,1845,0.8,Down,26200.5,0.369632984,20,8,2347,1187,Down,0.377099748,-1.126643404,-0.286891519,-0.423543758
MA1683.1,FOXA3,0.1,7,0.4,1962,0.8,Down,29088.5,0.064881763,20,7,2347,1209,Down,0.178446903,-1.203687899,-0.49394702,-0.748490985
MA0626.1,Npas2,0.01,5,0.3,260,0.1,Up,26087.5,0.389771064,20,4,2347,209,Up,0.098435961,-2.836865006,1.298476006,1.006846213
MA0896.1,Hmx1,0.02,1,0.1,25,0,Up,24403,0.75918132,20,1,2347,24,Up,0.192024001,-5.177394551,2.809610095,0.716644486
MA0650.2,HOXA13,0.14,10,0.5,2025,0.9,Down,28531.5,0.096300767,20,7,2347,1280,Down,0.112819128,-1.162539657,-0.576243504,-0.947617263
MA0800.1,EOMES,0.01,1,0.1,14,0,Up,24503.5,0.734174839,20,1,2347,14,Up,0.119848103,-5.555758976,3.566338944,0.921368835
MA0164.1,Nr2e3,0.02,8,0.4,1973,0.8,Down,27640.5,0.170592585,20,3,2347,780,Down,0.097485424,-2.069425852,-0.961542462,-1.011060314
MA1637.1,EBF3,0.1,30,1.5,2149,0.9,Up,29168,0.061179872,20,13,2347,1106,Up,0.120775937,-0.843893105,0.482457204,0.918019583
MA0648.1,GSC,0.09,44,2.2,8042,3.4,Down,30053.5,0.030530244,20,16,2347,2116,Down,0.129542589,-0.231301277,-0.163713216,-0.887587426
MA1603.1,Dmrt1,0.14,5,0.3,1493,0.6,Down,30108,0.029179771,20,3,2347,1065,Down,0.006168984,-1.844895824,-1.410602518,-2.209786388
MA1108.2,MXI1,0,0,0,6,0,Down,23530,0.984271351,20,0,2347,6,Down,1,-6.927010865,3.13891772,2.77E-13
MA0148.4,FOXA1,0.14,7,0.4,2153,0.9,Down,29641,0.042600376,20,7,2347,1252,Down,0.11774192,-1.178487982,-0.544346855,-0.929068887
MA0748.2,YY2,0.07,3,0.2,702,0.3,Down,25939.5,0.417133577,20,3,2347,584,Down,0.437275541,-2.278023655,-0.544346855,-0.359244814
MA1538.1,NR2F1(var.3),0.07,0,0,6,0,Down,23520,0.986892533,20,0,2347,5,Down,1,-7.047514914,3.379925819,9.08E-13
MA0113.3,NR3C1,0.07,2,0.1,89,0,Up,24194,0.811970401,20,1,2347,45,Up,0.325715956,-4.730852153,1.916525298,0.487160966
MA0488.1,JUN,0.15,16,0.8,2206,0.9,Down,25589.5,0.486175462,20,9,2347,1347,Down,0.267874539,-0.955232188,-0.308784606,-0.572068563
MA1501.1,HOXB7,0,1,0.1,4,0,Up,24603.5,0.709569466,20,1,2347,4,Up,0.041574184,-6.399786972,5.254394937,1.381176265
MA0658.1,LHX6,0.12,11,0.6,3219,1.4,Down,31253,0.010549966,20,3,2347,1195,Down,0.001268794,-1.761854055,-1.576686055,-2.896609036
MA0752.1,ZNF410,0.12,0,0,19,0,Down,23540,0.981650339,20,0,2347,7,Down,1,-6.823785426,2.932466842,1.25E-12
MA0624.1,NFATC1,0.03,31,1.6,5501,2.3,Down,30438,0.022051626,20,15,2347,2076,Down,0.074072031,-0.29016349,-0.226384408,-1.130345745
MA0720.1,Shox2,0.02,16,0.8,3988,1.7,Down,29990,0.032171118,20,8,2347,1414,Down,0.07084649,-1.000461072,-0.539256182,-1.149681665
MA0043.3,HLF,0.08,2,0.1,636,0.3,Down,26357,0.342833098,20,2,2347,513,Down,0.279383521,-2.614156443,-0.842934934,-0.553799214
MA0875.1,BARX1,0,2,0.1,60,0,Up,25226,0.563960161,20,2,2347,59,Up,0.092256455,-4.168857794,2.26646777,1.03500324
MA0698.1,ZBTB18,0.08,2,0.1,491,0.2,Down,25552,0.493922598,20,2,2347,438,Down,0.56104738,-2.72805016,-0.6151475,-0.251000461
MA1117.1,RELB,0.12,52,2.6,4308,1.8,Up,30376.5,0.023251888,20,18,2347,1950,Up,0.55751553,-0.207689899,0.119182521,0.25374303
MA0598.3,EHF,0.13,26,1.3,3035,1.3,Up,24888.5,0.641160463,20,11,2347,1676,Down,0.13423115,-0.659831362,-0.348317374,-0.872146691
MA0633.1,Twist2,0.12,14,0.7,2965,1.3,Down,28799.5,0.079926082,20,5,2347,1238,Down,0.022064704,-1.410325838,-0.975589097,-1.656301899
MA0465.2,CDX2,0.09,6,0.3,1132,0.5,Down,26364.5,0.341580734,20,5,2347,862,Down,0.35477925,-1.671324591,-0.45359159,-0.450041788
MA0707.1,MNX1,0.09,41,2.1,9689,4.1,Down,31891,0.005659384,20,12,2347,2010,Down,0.004762239,-0.468633318,-0.490124993,-2.322188841
MA0826.1,OLIG1,0.13,0,0,746,0.3,Down,26980,0.248794837,20,0,2347,351,Down,0.059989195,-4.048540284,-2.618023441,-1.221926969
MA0860.1,Rarg(var.2),0.07,0,0,1,0,Down,23480,0.997378393,20,0,2347,1,Down,1,-7.984749473,5.254394937,1.214E-12
MA0768.1,LEF1,0.14,1,0.1,331,0.1,Down,25368.5,0.532765107,20,1,2347,306,Down,0.501520994,-3.354877841,-0.835423325,-0.299710883
MA0040.1,Foxq1,0.1,6,0.3,1752,0.7,Down,28936,0.07250009,20,6,2347,1119,Down,0.12264132,-1.362691458,-0.588841657,-0.911363184
MA0158.2,HOXA5,0.09,34,1.7,7387,3.1,Down,31279,0.010293667,20,12,2347,1950,Down,0.01279761,-0.490488487,-0.446414655,-1.892871134
MA0504.1,NR2C2,0.07,1,0.1,25,0,Up,24393.5,0.761558665,20,1,2347,25,Up,0.198923881,-5.148536802,2.751894597,0.701313075
MA0825.1,MNT,0.01,22,1.1,1688,0.7,Up,25175.5,0.575222621,20,7,2347,677,Up,0.620541951,-1.621746858,0.342170897,0.207228853
MA0835.2,BATF3,0.14,14,0.7,2372,1,Down,27128.5,0.229334766,20,10,2347,1429,Down,0.361047182,-0.84042456,-0.249620044,-0.44243604
MA0631.1,Six3,0.1,2,0.1,125,0.1,Up,24585,0.71409958,20,2,2347,123,Up,0.285387161,-3.64208306,1.212918301,0.544565569
MA0636.1,BHLHE41,0.03,2,0.1,78,0,Up,24236,0.801284701,20,1,2347,41,Up,0.301991474,-4.797229758,2.049280507,0.520005318
MA0025.2,NFIL3,0.05,1,0.1,521,0.2,Down,26740.5,0.282558785,20,1,2347,441,Down,0.15149842,-3.091614659,-1.361949689,-0.819591896
MA0609.2,CREM,0.15,0,0,527,0.2,Down,26130,0.382119969,20,0,2347,266,Down,0.156242226,-4.248234862,-2.218634285,-0.806201581
MA0654.1,ISX,0.01,16,0.8,3987,1.7,Down,29987,0.032250475,20,8,2347,1414,Down,0.07084649,-1.000461072,-0.539256182,-1.149681665
MA0706.1,MEOX2,0.11,74,3.7,16034,6.8,Down,31216.5,0.010919346,20,13,2347,2008,Down,0.018749205,-0.413835599,-0.377657806,-1.727017149
MA0645.1,ETV6,0.04,0,0,555,0.2,Down,27960,0.140137174,20,0,2347,449,Down,0.021374219,-3.871142071,-2.972819868,-1.670109753
MA0830.2,TCF4,0.03,8,0.4,1163,0.5,Down,26161,0.376597688,20,5,2347,850,Down,0.356811294,-1.681431201,-0.433378369,-0.447561407
MA1553.1,RARG(var.3),0.14,2,0.1,116,0,Up,24811,0.659493408,20,2,2347,99,Up,0.208975525,-3.797954366,1.524660912,0.679904576
MA0793.1,POU6F2,0.07,2,0.1,1302,0.6,Down,30562,0.019794517,20,2,2347,915,Down,0.009283088,-2.197058638,-1.677130543,-2.03230751
MA0509.2,RFX1,0.1,6,0.3,454,0.2,Up,24402,0.75943146,20,4,2347,386,Up,0.558257828,-2.395105921,0.414957835,0.253165178
MA0846.1,FOXC2,0.08,2,0.1,871,0.4,Down,28156,0.123638333,20,2,2347,689,Down,0.08059998,-2.401563305,-1.268121209,-1.093665068
MA0731.1,BCL6B,0.11,0,0,3,0,Down,23500,0.992135294,20,0,2347,3,Down,1,-7.373553263,4.032002516,9.65E-13
MA0144.2,STAT3,0.06,10,0.5,930,0.4,Up,26070,0.392948406,20,8,2347,657,Up,0.315680133,-1.553075761,0.565973195,0.50075275
MA0683.1,POU4F2,0.12,0,0,13,0,Down,23600,0.965929414,20,0,2347,13,Down,1,-6.399786972,2.084469936,1.813E-12
MA0514.1,Sox3,0.09,16,0.8,2539,1.1,Down,28535,0.096070812,20,8,2347,1492,Down,0.035977566,-0.961741695,-0.616694937,-1.443968216
MA0803.1,TBX15,0.13,19,1,1975,0.8,Up,25269.5,0.554344782,20,13,2347,1314,Up,0.501319151,-0.719637759,0.233946513,0.299885704
MA0519.1,Stat5a::Stat5b,0.13,26,1.3,2598,1.1,Up,27991.5,0.13737692,20,17,2347,1425,Up,0.035733819,-0.473963053,0.491388131,1.446920562
MA0798.2,RFX3,0.08,0,0,185,0.1,Down,25080,0.596806772,20,0,2347,161,Down,0.393702648,-4.609535546,-1.496032917,-0.404831665
MA0762.1,ETV2,0.15,3,0.2,1066,0.5,Down,29169,0.061134445,20,2,2347,824,Down,0.017792877,-2.272578834,-1.526090151,-1.749753826
MA1142.1,FOSL1::JUND,0.13,73,3.7,9807,4.2,Down,25172.5,0.57589501,20,18,2347,2224,Down,0.285387161,-0.112871349,-0.07045458,-0.544565569
MA1525.1,NFATC4,0.04,21,1.1,3897,1.7,Down,30570.5,0.019647462,20,11,2347,1832,Down,0.025454297,-0.595651004,-0.476678089,-1.594238895
MA0592.3,ESRRA,0.03,4,0.2,287,0.1,Up,25464,0.512358907,20,4,2347,266,Up,0.27457899,-2.663272361,0.951290717,0.561332697
MA0868.2,SOX8,0.03,3,0.2,1256,0.5,Down,29437,0.049928195,20,3,2347,909,Down,0.036066116,-1.959088349,-1.182217468,-1.442900627
MA0856.1,RXRG,0.03,0,0,1,0,Down,23480,0.997378393,20,0,2347,1,Down,1,-7.984749473,5.254394937,1.214E-12
MA1421.1,TCF7L1,0.15,5,0.3,739,0.3,Down,24895.5,0.639515096,20,4,2347,622,Down,0.618420918,-2.051303209,-0.272647588,-0.208715829
MA1099.2,HES1,0.15,133,6.7,17922,7.6,Down,24716,0.682247222,20,17,2347,2023,Down,0.749857034,-0.221270648,-0.013996679,-0.12502153
MA0523.1,TCF7L2,0.13,26,1.3,4344,1.9,Down,28508,0.097856179,20,12,2347,1888,Down,0.04132536,-0.513790094,-0.399811441,-1.38378335
MA0675.1,NKX6-2,0.01,1,0.1,801,0.3,Down,27567.5,0.178200442,20,1,2347,517,Down,0.098045595,-2.977041947,-1.591095114,-1.008571913
MA1155.1,ZSCAN4,0.14,1,0.1,108,0,Up,23573,0.973002558,20,1,2347,107,Up,0.608543628,-4.110653048,0.676127089,0.215708281
MA1146.1,NR1H4::RXRA,0.15,0,0,160,0.1,Down,24850,0.650241343,20,0,2347,138,Down,0.626248937,-4.720359641,-1.274384728,-0.203252998
MA1641.1,MYF5,0.03,20,1,664,0.3,Up,29973,0.032623027,20,8,2347,312,Up,0.002940049,-2.089643113,1.6391079,2.53164537
MA0075.3,PRRX2,0.04,8,0.4,2791,1.2,Down,30126.5,0.028733193,20,3,2347,1031,Down,0.011066556,-1.86828921,-1.363815746,-1.955987529
MA0664.1,MLXIPL,0.02,5,0.3,165,0.1,Up,25917.5,0.421295525,20,3,2347,111,Up,0.068257626,-3.473103313,1.84581246,1.16584882
MA1129.1,FOSL1::JUN(var.2),0.15,3,0.2,476,0.2,Down,24572,0.717288954,20,1,2347,238,Down,0.713649089,-3.535826745,-0.473525517,-0.146515284
MA1651.1,ZFP42,0.15,14,0.7,987,0.4,Up,29595,0.04416802,20,12,2347,769,Up,0.015085834,-1.161413871,0.895436111,1.821430667
MA0749.1,ZBED1,0.06,0,0,3,0,Down,23500,0.992135294,20,0,2347,3,Down,1,-7.373553263,4.032002516,9.65E-13
MA1565.1,TBX18,0.01,1,0.1,19,0,Up,24453.5,0.746582527,20,1,2347,19,Up,0.156669289,-5.342048364,3.13891772,0.805016128
MA0840.1,Creb5,0.14,2,0.1,356,0.2,Down,24261.5,0.794814909,20,1,2347,199,Down,1,-3.664627005,-0.215924998,-1.301E-12
MA0142.1,Pou5f1::Sox2,0.15,0,0,528,0.2,Down,27890,0.146423632,20,0,2347,442,Down,0.037109025,-3.882463901,-2.950176207,-1.430520455
MA1616.1,Prdm15,0.11,1,0.1,332,0.1,Down,25341,0.538716579,20,1,2347,303,Down,0.500881053,-3.36197312,-0.821232768,-0.300265396
MA0473.3,ELF1,0.11,22,1.1,1401,0.6,Up,29127.5,0.063043276,20,13,2347,1065,Up,0.112622096,-0.871129534,0.536930062,0.948376394
MA0600.2,RFX2,0.13,2,0.1,124,0.1,Up,24015.5,0.857753129,20,1,2347,63,Up,0.423314023,-4.49040713,1.435635252,0.373337344
MA0705.1,Lhx8,0.1,42,2.1,8794,3.7,Down,30754,0.016697324,20,9,2347,1718,Down,0.009072915,-0.779799899,-0.659649185,-2.042253145
MA0628.1,POU6F1,0.04,8,0.4,2432,1,Down,28482.5,0.099566607,20,3,2347,854,Down,0.059935993,-2.004084922,-1.092224322,-1.222312298
MA0072.1,RORA(var.2),0.09,0,0,231,0.1,Down,25720,0.459735139,20,0,2347,225,Down,0.249401761,-4.368738912,-1.977626185,-0.603100484
MA1499.1,HOXB4,0.1,46,2.3,10112,4.3,Down,31417.5,0.009019556,20,14,2347,2071,Down,0.024648315,-0.340010174,-0.319121672,-1.608212757
MA0852.2,FOXK1,0.13,14,0.7,3393,1.4,Down,30446,0.021899526,20,11,2347,1657,Down,0.14181869,-0.668053168,-0.331873761,-0.848266532
MA1103.2,FOXK2,0.08,8,0.4,2250,1,Down,29526,0.046610613,20,8,2347,1310,Down,0.178655134,-1.055548484,-0.429081359,-0.747984498
MA0077.1,SOX9,0.12,18,0.9,3968,1.7,Down,31293.5,0.010153151,20,10,2347,1746,Down,0.019471875,-0.695946548,-0.538576067,-1.710592218
MA0660.1,MEF2B,0.14,3,0.2,289,0.1,Up,24327.5,0.778135991,20,3,2347,263,Up,0.485171011,-2.852723687,0.605053208,0.314105156
MA0911.1,Hoxa11,0.03,1,0.1,31,0,Up,24343,0.774233437,20,1,2347,30,Up,0.232591841,-5.019380804,2.493582601,0.633405523
MA0751.1,ZIC4,0.15,25,1.3,2812,1.2,Up,25329.5,0.541215224,20,14,2347,1317,Up,0.261119854,-0.666446603,0.333751187,0.583160105
MA0091.1,TAL1::TCF3,0.08,0,0,421,0.2,Down,26920,0.256976077,20,0,2347,345,Down,0.101315119,-4.060959773,-2.593184462,-0.99432574
MA0088.2,ZNF143,0.14,2,0.1,130,0.1,Up,24544,0.724175074,20,2,2347,127,Up,0.298206902,-3.619089958,1.166932096,0.525482309
MA1552.1,RARB(var.3),0.15,2,0.1,150,0.1,Up,24407,0.758181011,20,2,2347,140,Up,0.339702946,-3.549053516,1.026859213,0.468900687
MA0607.1,Bhlha15,0.15,104,5.2,13977,6,Down,26926.5,0.256080863,20,16,2347,2206,Down,0.030334711,-0.201261648,-0.223792475,-1.518060142
MA0839.1,CREB3L1,0.11,3,0.2,83,0,Up,26196,0.370422366,20,3,2347,79,Up,0.029856181,-3.717111785,2.333829405,1.524965751
MA0771.1,HSF4,0.06,4,0.2,104,0,Up,27186,0.222098503,20,4,2347,97,Up,0.008927922,-3.388603066,2.401952126,2.049249605
MA0521.1,Tcf12,0.03,20,1,857,0.4,Up,31749,0.006523592,20,12,2347,643,Up,0.003839685,-1.29040446,1.153417289,2.415704363
MA1131.1,FOSL2::JUN(var.2),0.14,5,0.3,822,0.4,Down,25964,0.412527328,20,3,2347,614,Down,0.316223874,-2.241918662,-0.61655684,-0.500005345
MA0599.1,KLF5,0.03,74,3.7,6890,2.9,Up,30013.5,0.031555262,20,20,2347,1826,Up,0.012010581,-0.181021702,0.362043404,1.920435975
MA1584.1,ZIC5,0.15,2,0.1,472,0.2,Down,25156,0.579599765,20,2,2347,397,Down,0.55751553,-2.798861151,-0.473525517,-0.25374303
MA0057.1,MZF1(var.2),0.03,17,0.9,1571,0.7,Up,26811,0.272312278,20,12,2347,1075,Up,0.260703967,-0.919906724,0.412421818,0.58385236
MA0841.1,NFE2,0.1,0,0,157,0.1,Down,24760,0.671671115,20,0,2347,129,Down,0.622707607,-4.76882658,-1.17745085,-0.205715829
MA0782.2,PKNOX1,0.01,1,0.1,23,0,Up,24413.5,0.756556374,20,1,2347,23,Up,0.185067686,-5.207455047,2.869731087,0.732669406
MA1115.1,POU5F1,0.11,30,1.5,5517,2.4,Down,29695,0.040820387,20,13,2347,1977,Down,0.02910723,-0.425055983,-0.355217039,-1.53599912
MA1119.1,SIX2,0.15,12,0.6,796,0.3,Up,29424.5,0.050409634,20,11,2347,663,Up,0.012287729,-1.328473418,0.988966739,1.910528384
MA0143.4,SOX2,0.04,5,0.3,1872,0.8,Down,31454.5,0.008703933,20,4,2347,1234,Down,0.005506484,-1.557412662,-1.260428682,-2.259125617
MA0065.2,Pparg::Rxra,0.1,6,0.3,409,0.2,Up,26686,0.290656785,20,6,2347,372,Up,0.115814235,-2.156462557,0.998700541,0.936238059
MA0629.1,Rhox11,0.05,5,0.3,251,0.1,Up,26947.5,0.253203448,20,5,2347,235,Up,0.044711975,-2.607723289,1.419205807,1.349576147
MA0037.3,GATA3,0.04,31,1.6,4952,2.1,Down,28189,0.121016041,20,12,2347,1914,Down,0.021106583,-0.503926656,-0.419538317,-1.675582073
MA0112.3,ESR1,0.02,0,0,1,0,Down,23480,0.997378393,20,0,2347,1,Down,1,-7.984749473,5.254394937,1.214E-12
MA1506.1,HOXD10,0.05,1,0.1,13,0,Up,24513.5,0.73170149,20,1,2347,13,Up,0.112302866,-5.607305722,3.669432436,0.949609159
MA0498.2,MEIS1,0,7,0.4,543,0.2,Up,25749,0.453970774,20,6,2347,484,Up,0.277946198,-1.966834437,0.619444301,0.556039262
MA0773.1,MEF2D,0.13,1,0.1,254,0.1,Down,24606.5,0.708835814,20,1,2347,230,Down,0.713770518,-3.560438003,-0.424303002,-0.146441394
MA0701.2,LHX9,0.04,3,0.2,1819,0.8,Down,30273,0.025400063,20,2,2347,894,Down,0.009482746,-2.21379784,-1.643652139,-2.023065871
MA0637.1,CENPB,0.15,5,0.3,440,0.2,Up,25325,0.542194528,20,5,2347,389,Up,0.359571415,-2.244775155,0.693309538,0.444214841
MA1468.1,ATOH7,0.12,13,0.7,3403,1.4,Down,32133.5,0.004419325,20,6,2347,1504,Down,0.00361399,-1.149476669,-1.015271235,-2.442013016
MA0689.1,TBX20,0.02,1,0.1,25,0,Up,24393.5,0.761558665,20,1,2347,25,Up,0.198923881,-5.148536802,2.751894597,0.701313075
MA1132.1,JUN::JUNB,0.11,32,1.6,3310,1.4,Up,26421.5,0.332158618,20,18,2347,1722,Up,0.125593568,-0.297359907,0.298522536,0.901032603
MA0898.1,Hmx3,0.14,2,0.1,611,0.3,Down,26322,0.348716206,20,2,2347,511,Down,0.279509525,-2.616971461,-0.837304897,-0.553603387
MA0528.2,ZNF263,0.01,11,0.6,970,0.4,Up,26681.5,0.291332336,20,9,2347,727,Up,0.223535583,-1.399865248,0.580481514,0.650653335
MA0616.2,HES2,0.03,2,0.1,131,0.1,Up,24741,0.67623025,20,2,2347,105,Up,0.227897098,-3.755717082,1.440186344,0.642261204
MA1640.1,MEIS2(var.2),0.15,17,0.9,3352,1.4,Down,30219.5,0.026576327,20,8,2347,1484,Down,0.037503995,-0.965618614,-0.608941099,-1.425922467
MA1145.1,FOSL2::JUND(var.2),0.14,3,0.2,929,0.4,Down,27123,0.230035621,20,3,2347,689,Down,0.218044265,-2.158849892,-0.782694382,-0.661455331
MA0499.2,MYOD1,0.12,51,2.6,3846,1.6,Up,31263,0.010450725,20,19,2347,1809,Up,0.061332097,-0.223841918,0.303384264,1.212312187
MA0757.1,ONECUT3,0.11,0,0,213,0.1,Down,25440,0.517448555,20,0,2347,197,Down,0.403463059,-4.464376302,-1.786351405,-0.394196223
MA0046.2,HNF1A,0.15,0,0,399,0.2,Down,26120,0.38391189,20,0,2347,265,Down,0.156251293,-4.250946698,-2.213210613,-0.80617638
MA0002.2,RUNX1,0.06,22,1.1,1748,0.7,Up,27672,0.167385935,20,14,2347,1190,Up,0.114874801,-0.739564273,0.479986528,0.93977523
MA1573.1,THAP11,0.13,0,0,196,0.1,Down,25070,0.599088053,20,0,2347,160,Down,0.393906459,-4.61401598,-1.487072049,-0.404606898
MA0760.1,ERF,0.14,3,0.2,1152,0.5,Down,29165,0.061316319,20,2,2347,817,Down,0.018185575,-2.278729216,-1.513789388,-1.740272963
MA1113.2,PBX2,0.15,16,0.8,2924,1.2,Down,29799.5,0.037554401,20,7,2347,1395,Down,0.037605872,-1.100502221,-0.700318376,-1.424744334
MA1657.1,ZNF652,0.15,4,0.2,1187,0.5,Down,28957.5,0.071383626,20,3,2347,911,Down,0.035984873,-1.95750384,-1.185386486,-1.443880026
MA1491.1,GLI3,0.15,9,0.5,846,0.4,Up,25830.5,0.43799107,20,8,2347,682,Up,0.323264871,-1.526156685,0.512135043,0.490441487
MA0728.1,Nr2f6(var.2),0.13,1,0.1,7,0,Up,24573.5,0.716920696,20,1,2347,7,Up,0.065724884,-6.031304175,4.517429343,1.182270172
MA1476.1,DLX5,0.03,16,0.8,3988,1.7,Down,29990,0.032171118,20,8,2347,1414,Down,0.07084649,-1.000461072,-0.539256182,-1.149681665
MA0674.1,NKX6-1,0.09,37,1.9,9085,3.9,Down,31960.5,0.005275272,20,13,2347,1981,Down,0.02758281,-0.423598347,-0.358132312,-1.559361495
MA0717.1,RAX2,0.02,16,0.8,3988,1.7,Down,29990,0.032171118,20,8,2347,1414,Down,0.07084649,-1.000461072,-0.539256182,-1.149681665
MA0470.2,E2F4,0.11,5,0.3,259,0.1,Up,25999,0.405999532,20,4,2347,220,Up,0.113476993,-2.7999508,1.224647594,0.94509218
MA0625.1,NFATC3,0.02,15,0.8,3324,1.4,Down,31694.5,0.006885622,20,7,2347,1708,Down,4.94E-04,-0.95452816,-0.992266499,-3.306352109
MA0627.2,POU2F3,0.15,7,0.4,1554,0.7,Down,27688,0.165774603,20,6,2347,1071,Down,0.182374382,-1.394302797,-0.525618979,-0.739036166
MA1420.1,IRF5,0.15,1,0.1,210,0.1,Down,24330,0.777506165,20,1,2347,203,Down,1,-3.650306981,-0.244565046,-2.133E-12
MA0095.2,YY1,0.12,22,1.1,2479,1.1,Up,25409.5,0.523954205,20,15,2347,1461,Up,0.353968831,-0.543515511,0.280319635,0.451034979
MA0678.1,OLIG2,0.1,0,0,783,0.3,Down,27280,0.210623567,20,0,2347,381,Down,0.060127474,-3.9894611,-2.736181809,-1.220927041
MA1496.1,HOXA4,0.14,68,3.4,14063,6,Down,31522.5,0.008149512,20,16,2347,2201,Down,0.033845012,-0.202898099,-0.220519572,-1.470505331
MA0066.1,PPARG,0.1,0,0,1,0,Down,23480,0.997378393,20,0,2347,1,Down,1,-7.984749473,5.254394937,1.214E-12
MA0041.1,Foxd3,0.11,22,1.1,3523,1.5,Down,29092,0.064714984,20,7,2347,1434,Down,0.021190771,-1.080619299,-0.740084219,-1.673853243
MA0138.2,REST,0.09,0,0,13,0,Down,23600,0.965929414,20,0,2347,13,Down,1,-6.399786972,2.084469936,1.813E-12
MA1635.1,BHLHE22(var.2),0.01,60,3,4570,1.9,Up,29550.5,0.045730607,20,16,2347,1380,Up,0.067316379,-0.539546078,0.452776385,1.171879252
MA0690.1,TBX21,0,1,0.1,10,0,Up,24543.5,0.724298246,20,1,2347,10,Up,0.089296724,-5.788590762,4.032002516,1.049164471
MA0089.2,NFE2L1,0.1,1,0.1,28,0,Up,24363.5,0.76908076,20,1,2347,28,Up,0.219289238,-5.068304466,2.591429924,0.658982681
MA0472.2,EGR2,0.09,2,0.1,84,0,Up,24986,0.618404757,20,2,2347,83,Up,0.159802571,-3.92441453,1.77758124,0.796416237
MA1542.1,OSR1,0.06,6,0.3,605,0.3,Up,24999,0.615397499,20,6,2347,532,Up,0.425809805,-1.898692007,0.483159441,0.370784343
MA0481.3,FOXP1,0.12,11,0.6,3302,1.4,Down,31275.5,0.010327843,20,11,2347,1583,Down,0.239440946,-0.70099917,-0.265981758,-0.620801581
MA1570.1,TFAP4(var.2),0.05,11,0.6,2826,1.2,Down,29255.5,0.057309459,20,5,2347,1144,Down,0.04223883,-1.46726404,-0.861712691,-1.374288121
MA0765.2,ETV5,0.01,0,0,574,0.2,Down,28130,0.125735453,20,0,2347,466,Down,0.020930759,-3.844364088,-3.026375833,-1.679215028
MA0029.1,Mecom,0.14,5,0.3,388,0.2,Up,25777.5,0.448345723,20,5,2347,347,Up,0.204307767,-2.32708033,0.857919889,0.689715124
MA0759.1,ELK3,0.11,4,0.2,1584,0.7,Down,30177,0.027543997,20,3,2347,1007,Down,0.011833928,-1.885271201,-1.329851763,-1.926871065
MA1625.1,Stat5b,0.01,1,0.1,103,0,Up,23651.5,0.952445944,20,1,2347,99,Up,0.579739282,-4.166437163,0.787695318,0.236767272
MA1620.1,Ptf1a(var.3),0.14,97,4.9,7755,3.3,Up,31692.5,0.006899244,20,20,2347,2164,Up,0.396020986,-0.058545679,0.117091357,0.4022818
MA0845.1,FOXB1,0.1,0,0,749,0.3,Down,29330,0.054176631,20,0,2347,586,Down,0.006788883,-3.679237075,-3.35662986,-2.168201656
MA0258.2,ESR2,0.14,14,0.7,1245,0.5,Up,27190,0.221601264,20,11,2347,898,Up,0.164785137,-1.109762399,0.5515447,0.783081962
MA1615.1,Plagl1,0.13,44,2.2,3360,1.4,Up,31091.5,0.012272929,20,19,2347,1550,Up,0.003861154,-0.335270709,0.526241846,2.413282877
MA1513.1,KLF15,0.01,17,0.9,1731,0.7,Up,28019,0.13500162,20,13,2347,958,Up,0.03826467,-0.947469662,0.689610318,1.417202025
MA1518.1,LHX1,0.03,16,0.8,3988,1.7,Down,29990,0.032171118,20,8,2347,1414,Down,0.07084649,-1.000461072,-0.539256182,-1.149681665
MA0764.2,ETV4,0.01,24,1.2,1867,0.8,Up,26627,0.299597807,20,12,2347,1258,Up,0.655849438,-0.806557878,0.185724127,0.183195849
MA1656.1,ZNF449,0.1,11,0.6,527,0.2,Up,29648,0.042365996,20,9,2347,453,Up,0.00821563,-1.740787597,1.262326211,2.085359146
MA0756.1,ONECUT2,0.14,2,0.1,679,0.3,Down,26761,0.279552715,20,2,2347,553,Down,0.191658513,-2.560046923,-0.951153974,-0.717471887
MA0653.1,IRF9,0.14,0,0,13,0,Down,23600,0.965929414,20,0,2347,13,Down,1,-6.399786972,2.084469936,1.813E-12
MA1102.2,CTCFL,0.04,11,0.6,669,0.3,Up,29566,0.04518113,20,10,2347,535,Up,0.012573521,-1.54870063,1.166932096,1.900543086
MA0787.1,POU3F2,0.13,0,0,654,0.3,Down,28790,0.080465118,20,0,2347,532,Down,0.012146882,-3.748911866,-3.217280277,-1.915535205
MA1508.1,IKZF1,0.01,0,0,283,0.1,Down,26130,0.382119969,20,0,2347,266,Down,0.156242226,-4.248234862,-2.218634285,-0.806201581
MA0710.1,NOTO,0.07,13,0.7,5180,2.2,Down,34123,4.65E-04,20,7,2347,1663,Down,0.001004405,-0.97378235,-0.953758117,-2.998091158
MA0880.1,Dlx3,0.02,16,0.8,3988,1.7,Down,29990,0.032171118,20,8,2347,1414,Down,0.07084649,-1.000461072,-0.539256182,-1.149681665
MA0071.1,RORA,0.13,59,3,4679,2,Up,31056.5,0.012677657,20,19,2347,1953,Up,0.230255437,-0.168606844,0.192914117,0.637790106
MA0489.1,JUN(var.2),0.03,1,0.1,367,0.2,Down,25096,0.593164971,20,1,2347,276,Down,0.500909468,-3.429181638,-0.686815732,-0.30024076
MA0030.1,FOXF2,0.11,6,0.3,2093,0.9,Down,30843,0.015412072,20,6,2347,1280,Down,0.040209517,-1.265765096,-0.782694382,-1.395671144
MA0513.1,SMAD2::SMAD3::SMAD4,0.05,2,0.1,85,0,Up,24985,0.61863635,20,2,2347,83,Up,0.159802571,-3.92441453,1.77758124,0.796416237
MA0640.2,ELF3,0.11,29,1.5,2171,0.9,Up,27927.5,0.143029573,20,15,2347,1394,Up,0.176923457,-0.577366459,0.348021529,0.752214584
MA0069.1,PAX6,0.13,1,0.1,40,0,Up,24253,0.796969962,20,1,2347,39,Up,0.289833923,-4.832859099,2.12053919,0.537850785
MA0104.4,MYCN,0.12,22,1.1,1688,0.7,Up,25175.5,0.575222621,20,7,2347,677,Up,0.620541951,-1.621746858,0.342170897,0.207228853
MA0833.2,ATF4,0.14,2,0.1,597,0.3,Down,26357,0.342833098,20,2,2347,516,Down,0.279271706,-2.609954407,-0.851339006,-0.553973062
MA0602.1,Arid5a,0.14,44,2.2,9461,4,Down,29429,0.05023587,20,12,2347,1854,Down,0.051445686,-0.526895352,-0.373600925,-1.288651039
MA0807.1,TBX5,0.08,21,1.1,2185,0.9,Up,24590.5,0.712751728,20,14,2347,1386,Up,0.368816126,-0.629624275,0.260106532,0.433190098
MA0081.2,SPIB,0.06,3,0.2,95,0,Up,26066,0.393676853,20,3,2347,92,Up,0.043511437,-3.607862532,2.115330899,1.361396572
MA0820.1,FIGLA,0.01,7,0.4,314,0.1,Up,27724,0.162191812,20,6,2347,285,Up,0.028383013,-2.348337397,1.382450221,1.54694151
MA1532.1,NR1D2,0.14,6,0.3,220,0.1,Up,26154,0.377840331,20,4,2347,210,Up,0.099759644,-2.833430011,1.291606016,1.001045109
MA0778.1,NFKB2,0.12,8,0.4,674,0.3,Up,25654.5,0.472904233,20,5,2347,336,Up,0.193439686,-2.350283567,0.904326362,0.713454421
MA0673.1,NKX2-8,0.02,9,0.5,1021,0.4,Up,24402,0.75943146,20,8,2347,815,Up,0.64138293,-1.39772877,0.255279212,0.192882603
MA0889.1,GBX1,0.03,14,0.7,3669,1.6,Down,30164,0.027845996,20,7,2347,1374,Down,0.040347846,-1.11143983,-0.678443158,-1.394179645
MA0741.1,KLF16,0,1,0.1,46,0,Up,24193,0.812225258,20,1,2347,45,Up,0.325715956,-4.730852153,1.916525298,0.487160966
MA0511.2,RUNX2,0.05,0,0,330,0.1,Down,26570,0.308408217,20,0,2347,310,Down,0.097134408,-4.138005994,-2.43909202,-1.012626902
MA0469.3,E2F3,0.11,0,0,1,0,Down,23480,0.997378393,20,0,2347,1,Down,1,-7.984749473,5.254394937,1.214E-12
MA1566.1,TBX3,0.03,14,0.7,1438,0.6,Up,24968.5,0.622463096,20,11,2347,1044,Up,0.373324285,-1.001151357,0.334322617,0.427913757
MA1575.1,THRB(var.2),0.12,2,0.1,126,0.1,Up,25011,0.612627289,20,2,2347,76,Up,0.139146973,-3.987572755,1.90389769,0.856526236
MA0149.1,EWSR1-FLI1,0.09,0,0,72,0,Down,23600,0.965929414,20,0,2347,13,Down,1,-6.399786972,2.084469936,1.813E-12
MA0036.3,GATA2,0.12,27,1.4,4323,1.8,Down,28639,0.089436141,20,10,2347,1813,Down,0.012530384,-0.668791497,-0.592886169,-1.902035606
MA0827.1,OLIG3,0.14,4,0.2,1644,0.7,Down,28447,0.101987408,20,2,2347,730,Down,0.050039378,-2.359896445,-1.35145493,-1.300688099
MA0125.1,Nobox,0.07,18,0.9,5259,2.2,Down,31974,0.005203451,20,10,2347,1663,Down,0.049467155,-0.731068937,-0.46833129,-1.305683066
MA0038.2,GFI1,0.06,2,0.1,87,0,Up,24965,0.623276148,20,2,2347,85,Up,0.165815615,-3.907340419,1.743433018,0.780374575
MA0797.1,TGIF2,0.08,1,0.1,18,0,Up,24520.5,0.729971801,20,1,2347,12,Up,0.104696207,-5.662821378,3.780463749,0.980069052
MA0804.1,TBX19,0.09,2,0.1,13,0,Up,24547,0.723436196,20,1,2347,10,Up,0.089296724,-5.788590762,4.032002516,1.049164471
MA0719.1,RHOXF1,0.05,61,3.1,7015,3,Up,24900,0.638458295,20,18,2347,2200,Down,0.361837763,-0.120696213,-0.054804853,-0.44148611
MA0842.2,NRL,0.11,10,0.5,679,0.3,Up,28088.5,0.129140071,20,9,2347,588,Up,0.065182526,-1.552817664,0.886386346,1.185868814
MA0783.1,PKNOX2,0.08,1,0.1,7,0,Up,24592.5,0.712261822,20,1,2347,5,Up,0.049689559,-6.255033664,4.96488832,1.303734855